[
  {
    "country_code": "DZ",
    "country_name": "Algeria",
    "timezone": "Africa/Algiers",
    "region_cluster": "Africa_CAF",
    "leagues": [
      { "league_id": "ALG1", "display_name": "Ligue Professionnelle 1", "tier": 1, "type": "league" },
      { "league_id": "ALG2", "display_name": "Ligue 2", "tier": 2, "type": "league" },
      { "league_id": "ALGCUP", "display_name": "Algerian Cup", "tier": 1, "type": "cup" }
    ]
  },
  {
    "country_code": "AO",
    "country_name": "Angola",
    "timezone": "Africa/Luanda",
    "region_cluster": "Africa_CAF",
    "leagues": [
      { "league_id": "ANG1", "display_name": "Girabola", "tier": 1, "type": "league" }
    ]
  },
  {
    "country_code": "BJ",
    "country_name": "Benin",
    "timezone": "Africa/Porto-Novo",
    "region_cluster": "Africa_CAF",
    "leagues": [
      { "league_id": "BEN1", "display_name": "Benin Premier League", "tier": 1, "type": "league" }
    ]
  },
  {
    "country_code": "BW",
    "country_name": "Botswana",
    "timezone": "Africa/Gaborone",
    "region_cluster": "Africa_CAF",
    "leagues": [
      { "league_id": "BOT1", "display_name": "Botswana Premier League", "tier": 1, "type": "league" }
    ]
  },
  {
    "country_code": "BF",
    "country_name": "Burkina Faso",
    "timezone": "Africa/Ouagadougou",
    "region_cluster": "Africa_CAF",
    "leagues": [
      { "league_id": "BFA1", "display_name": "Burkina Faso Premier League", "tier": 1, "type": "league" }
    ]
  },
  {
    "country_code": "BI",
    "country_name": "Burundi",
    "timezone": "Africa/Bujumbura",
    "region_cluster": "Africa_CAF",
    "leagues": [
      { "league_id": "BDI1", "display_name": "Ligue A", "tier": 1, "type": "league" }
    ]
  },
  {
    "country_code": "CM",
    "country_name": "Cameroon",
    "timezone": "Africa/Douala",
    "region_cluster": "Africa_CAF",
    "leagues": [
      { "league_id": "CMR1", "display_name": "Elite One", "tier": 1, "type": "league" }
    ]
  },
  {
    "country_code": "CV",
    "country_name": "Cape Verde",
    "timezone": "Atlantic/Cape_Verde",
    "region_cluster": "Africa_CAF",
    "leagues": [
      { "league_id": "CPV1", "display_name": "Cape Verdean Championship", "tier": 1, "type": "league" }
    ]
  },
  {
    "country_code": "CF",
    "country_name": "Central African Republic",
    "timezone": "Africa/Bangui",
    "region_cluster": "Africa_CAF",
    "leagues": [
      { "league_id": "CAF1", "display_name": "Ligue de Bangui", "tier": 1, "type": "league" }
    ]
  },
  {
    "country_code": "TD",
    "country_name": "Chad",
    "timezone": "Africa/Ndjamena",
    "region_cluster": "Africa_CAF",
    "leagues": [
      { "league_id": "CHA1", "display_name": "Chad Premier League", "tier": 1, "type": "league" }
    ]
  },
  {
    "country_code": "KM",
    "country_name": "Comoros",
    "timezone": "Indian/Comoro",
    "region_cluster": "Africa_CAF",
    "leagues": [
      { "league_id": "COM1", "display_name": "Comoros Premier League", "tier": 1, "type": "league" }
    ]
  },
  {
    "country_code": "CG",
    "country_name": "Congo",
    "timezone": "Africa/Brazzaville",
    "region_cluster": "Africa_CAF",
    "leagues": [
      { "league_id": "CGO1", "display_name": "Ligue 1", "tier": 1, "type": "league" }
    ]
  },
  {
    "country_code": "CD",
    "country_name": "DR Congo",
    "timezone": "Africa/Kinshasa",
    "region_cluster": "Africa_CAF",
    "leagues": [
      { "league_id": "COD1", "display_name": "Linafoot", "tier": 1, "type": "league" }
    ]
  },
  {
    "country_code": "CI",
    "country_name": "Ivory Coast",
    "timezone": "Africa/Abidjan",
    "region_cluster": "Africa_CAF",
    "leagues": [
      { "league_id": "CIV1", "display_name": "Ligue 1", "tier": 1, "type": "league" }
    ]
  },
  {
    "country_code": "DJ",
    "country_name": "Djibouti",
    "timezone": "Africa/Djibouti",
    "region_cluster": "Africa_CAF",
    "leagues": [
      { "league_id": "DJI1", "display_name": "Djibouti Premier League", "tier": 1, "type": "league" }
    ]
  },
  {
    "country_code": "EG",
    "country_name": "Egypt",
    "timezone": "Africa/Cairo",
    "region_cluster": "Africa_CAF",
    "leagues": [
      { "league_id": "EGY1", "display_name": "Egyptian Premier League", "tier": 1, "type": "league" },
      { "league_id": "EGY2", "display_name": "Egypt Second Division A", "tier": 2, "type": "league" },
      { "league_id": "EGYCUP", "display_name": "Egypt Cup", "tier": 1, "type": "cup" }
    ]
  },
  {
    "country_code": "ER",
    "country_name": "Eritrea",
    "timezone": "Africa/Asmara",
    "region_cluster": "Africa_CAF",
    "leagues": [
      { "league_id": "ERI1", "display_name": "Eritrean Premier League", "tier": 1, "type": "league" }
    ]
  },
  {
    "country_code": "ET",
    "country_name": "Ethiopia",
    "timezone": "Africa/Addis_Ababa",
    "region_cluster": "Africa_CAF",
    "leagues": [
      { "league_id": "ETH1", "display_name": "Ethiopian Premier League", "tier": 1, "type": "league" }
    ]
  },
  {
    "country_code": "GA",
    "country_name": "Gabon",
    "timezone": "Africa/Libreville",
    "region_cluster": "Africa_CAF",
    "leagues": [
      { "league_id": "GAB1", "display_name": "Gabon Championnat National D1", "tier": 1, "type": "league" }
    ]
  },
  {
    "country_code": "GM",
    "country_name": "Gambia",
    "timezone": "Africa/Banjul",
    "region_cluster": "Africa_CAF",
    "leagues": [
      { "league_id": "GAM1", "display_name": "GFA League First Division", "tier": 1, "type": "league" }
    ]
  },
  {
    "country_code": "GH",
    "country_name": "Ghana",
    "timezone": "Africa/Accra",
    "region_cluster": "Africa_CAF",
    "leagues": [
      { "league_id": "GHA1", "display_name": "Ghana Premier League", "tier": 1, "type": "league" },
      { "league_id": "GHACUP", "display_name": "Ghana FA Cup", "tier": 1, "type": "cup" }
    ]
  },
  {
    "country_code": "GN",
    "country_name": "Guinea",
    "timezone": "Africa/Conakry",
    "region_cluster": "Africa_CAF",
    "leagues": [
      { "league_id": "GUI1", "display_name": "Ligue 1 Pro", "tier": 1, "type": "league" }
    ]
  },
  {
    "country_code": "GW",
    "country_name": "Guinea-Bissau",
    "timezone": "Africa/Bissau",
    "region_cluster": "Africa_CAF",
    "leagues": [
      { "league_id": "GNB1", "display_name": "Campeonato Nacional da Guiné-Bissau", "tier": 1, "type": "league" }
    ]
  },
  {
    "country_code": "KE",
    "country_name": "Kenya",
    "timezone": "Africa/Nairobi",
    "region_cluster": "Africa_CAF",
    "leagues": [
      { "league_id": "KEN1", "display_name": "Kenyan Premier League", "tier": 1, "type": "league" }
    ]
  },
  {
    "country_code": "LS",
    "country_name": "Lesotho",
    "timezone": "Africa/Maseru",
    "region_cluster": "Africa_CAF",
    "leagues": [
      { "league_id": "LES1", "display_name": "Lesotho Premier League", "tier": 1, "type": "league" }
    ]
  },
  {
    "country_code": "LR",
    "country_name": "Liberia",
    "timezone": "Africa/Monrovia",
    "region_cluster": "Africa_CAF",
    "leagues": [
      { "league_id": "LBR1", "display_name": "Liberian First Division", "tier": 1, "type": "league" }
    ]
  },
  {
    "country_code": "LY",
    "country_name": "Libya",
    "timezone": "Africa/Tripoli",
    "region_cluster": "Africa_CAF",
    "leagues": [
      { "league_id": "LBY1", "display_name": "Libyan Premier League", "tier": 1, "type": "league" }
    ]
  },
  {
    "country_code": "MG",
    "country_name": "Madagascar",
    "timezone": "Indian/Antananarivo",
    "region_cluster": "Africa_CAF",
    "leagues": [
      { "league_id": "MDG1", "display_name": "THB Champions League", "tier": 1, "type": "league" }
    ]
  },
  {
    "country_code": "MW",
    "country_name": "Malawi",
    "timezone": "Africa/Blantyre",
    "region_cluster": "Africa_CAF",
    "leagues": [
      { "league_id": "MWI1", "display_name": "Malawi Super League", "tier": 1, "type": "league" }
    ]
  },
  {
    "country_code": "ML",
    "country_name": "Mali",
    "timezone": "Africa/Bamako",
    "region_cluster": "Africa_CAF",
    "leagues": [
      { "league_id": "MLI1", "display_name": "Malian Première Division", "tier": 1, "type": "league" }
    ]
  },
  {
    "country_code": "MR",
    "country_name": "Mauritania",
    "timezone": "Africa/Nouakchott",
    "region_cluster": "Africa_CAF",
    "leagues": [
      { "league_id": "MTN1", "display_name": "Super D1", "tier": 1, "type": "league" }
    ]
  }
,
  {
    "country_code": "MU",
    "country_name": "Mauritius",
    "timezone": "Indian/Mauritius",
    "region_cluster": "Africa_CAF",
    "leagues": [
      { "league_id": "MUS1", "display_name": "Mauritian Premier League", "tier": 1, "type": "league" }
    ]
  },
  {
    "country_code": "YT",
    "country_name": "Mayotte",
    "timezone": "Indian/Mayotte",
    "region_cluster": "Africa_CAF",
    "leagues": [
      { "league_id": "MYT1", "display_name": "Mayotte Régionale 1", "tier": 1, "type": "league" }
    ]
  },
  {
    "country_code": "MA",
    "country_name": "Morocco",
    "timezone": "Africa/Casablanca",
    "region_cluster": "Africa_CAF",
    "leagues": [
      { "league_id": "MAR1", "display_name": "Botola Pro", "tier": 1, "type": "league" },
      { "league_id": "MAR2", "display_name": "Botola 2", "tier": 2, "type": "league" },
      { "league_id": "MARCUP", "display_name": "Moroccan Throne Cup", "tier": 1, "type": "cup" }
    ]
  },
  {
    "country_code": "MZ",
    "country_name": "Mozambique",
    "timezone": "Africa/Maputo",
    "region_cluster": "Africa_CAF",
    "leagues": [
      { "league_id": "MOZ1", "display_name": "Moçambola", "tier": 1, "type": "league" }
    ]
  },
  {
    "country_code": "NA",
    "country_name": "Namibia",
    "timezone": "Africa/Windhoek",
    "region_cluster": "Africa_CAF",
    "leagues": [
      { "league_id": "NAM1", "display_name": "Namibia Premier League", "tier": 1, "type": "league" }
    ]
  },
  {
    "country_code": "NE",
    "country_name": "Niger",
    "timezone": "Africa/Niamey",
    "region_cluster": "Africa_CAF",
    "leagues": [
      { "league_id": "NER1", "display_name": "Super Ligue", "tier": 1, "type": "league" }
    ]
  },
  {
    "country_code": "NG",
    "country_name": "Nigeria",
    "timezone": "Africa/Lagos",
    "region_cluster": "Africa_CAF",
    "leagues": [
      { "league_id": "NGA1", "display_name": "Nigeria Premier Football League", "tier": 1, "type": "league" }
    ]
  },
  {
    "country_code": "RW",
    "country_name": "Rwanda",
    "timezone": "Africa/Kigali",
    "region_cluster": "Africa_CAF",
    "leagues": [
      { "league_id": "RWA1", "display_name": "Rwanda National League", "tier": 1, "type": "league" }
    ]
  },
  {
    "country_code": "ST",
    "country_name": "São Tomé and Príncipe",
    "timezone": "Africa/Sao_Tome",
    "region_cluster": "Africa_CAF",
    "leagues": [
      { "league_id": "STP1", "display_name": "São Tomé and Príncipe Championship", "tier": 1, "type": "league" }
    ]
  },
  {
    "country_code": "SN",
    "country_name": "Senegal",
    "timezone": "Africa/Dakar",
    "region_cluster": "Africa_CAF",
    "leagues": [
      { "league_id": "SEN1", "display_name": "Ligue 1 (Senegal)", "tier": 1, "type": "league" }
    ]
  },
  {
    "country_code": "SC",
    "country_name": "Seychelles",
    "timezone": "Indian/Mahe",
    "region_cluster": "Africa_CAF",
    "leagues": [
      { "league_id": "SEY1", "display_name": "Seychelles First Division", "tier": 1, "type": "league" }
    ]
  },
  {
    "country_code": "SL",
    "country_name": "Sierra Leone",
    "timezone": "Africa/Freetown",
    "region_cluster": "Africa_CAF",
    "leagues": [
      { "league_id": "SLE1", "display_name": "Sierra Leone Premier League", "tier": 1, "type": "league" }
    ]
  },
  {
    "country_code": "SO",
    "country_name": "Somalia",
    "timezone": "Africa/Mogadishu",
    "region_cluster": "Africa_CAF",
    "leagues": [
      { "league_id": "SOM1", "display_name": "Somalia Premier League", "tier": 1, "type": "league" }
    ]
  },
  {
    "country_code": "ZA",
    "country_name": "South Africa",
    "timezone": "Africa/Johannesburg",
    "region_cluster": "Africa_CAF",
    "leagues": [
      { "league_id": "RSA1", "display_name": "Premier Soccer League (PSL)", "tier": 1, "type": "league" },
      { "league_id": "RSA2", "display_name": "National First Division", "tier": 2, "type": "league" },
      { "league_id": "RSACUP", "display_name": "Nedbank Cup", "tier": 1, "type": "cup" }
    ]
  },
  {
    "country_code": "SS",
    "country_name": "South Sudan",
    "timezone": "Africa/Juba",
    "region_cluster": "Africa_CAF",
    "leagues": [
      { "league_id": "SSD1", "display_name": "South Sudan Premier League", "tier": 1, "type": "league" }
    ]
  },
  {
    "country_code": "SD",
    "country_name": "Sudan",
    "timezone": "Africa/Khartoum",
    "region_cluster": "Africa_CAF",
    "leagues": [
      { "league_id": "SUD1", "display_name": "Sudan Premier League", "tier": 1, "type": "league" }
    ]
  },
  {
    "country_code": "TZ",
    "country_name": "Tanzania",
    "timezone": "Africa/Dar_es_Salaam",
    "region_cluster": "Africa_CAF",
    "leagues": [
      { "league_id": "TZA1", "display_name": "Tanzanian Premier League", "tier": 1, "type": "league" }
    ]
  },
  {
    "country_code": "TG",
    "country_name": "Togo",
    "timezone": "Africa/Lome",
    "region_cluster": "Africa_CAF",
    "leagues": [
      { "league_id": "TGO1", "display_name": "Togolese Championnat National", "tier": 1, "type": "league" }
    ]
  },
  {
    "country_code": "TN",
    "country_name": "Tunisia",
    "timezone": "Africa/Tunis",
    "region_cluster": "Africa_CAF",
    "leagues": [
      { "league_id": "TUN1", "display_name": "Tunisian Ligue Professionnelle 1", "tier": 1, "type": "league" },
      { "league_id": "TUNCUP", "display_name": "Tunisian Cup", "tier": 1, "type": "cup" }
    ]
  },
  {
    "country_code": "UG",
    "country_name": "Uganda",
    "timezone": "Africa/Kampala",
    "region_cluster": "Africa_CAF",
    "leagues": [
      { "league_id": "UGA1", "display_name": "Uganda Premier League", "tier": 1, "type": "league" }
    ]
  },
  {
    "country_code": "ZM",
    "country_name": "Zambia",
    "timezone": "Africa/Lusaka",
    "region_cluster": "Africa_CAF",
    "leagues": [
      { "league_id": "ZAM1", "display_name": "Zambia Super League", "tier": 1, "type": "league" }
    ]
  },
  {
    "country_code": "ZW",
    "country_name": "Zimbabwe",
    "timezone": "Africa/Harare",
    "region_cluster": "Africa_CAF",
    "leagues": [
      { "league_id": "ZIM1", "display_name": "Zimbabwe Premier Soccer League", "tier": 1, "type": "league" }
    ]
  }
]
