[
  {
    "country_code": "JP",
    "country_name": "Japan",
    "timezone": "Asia/Tokyo",
    "region_cluster": "Asia_AFC",
    "leagues": [
      { "league_id": "JPN1", "display_name": "J1 League", "tier": 1, "type": "league" },
      { "league_id": "JPN2", "display_name": "J2 League", "tier": 2, "type": "league" },
      { "league_id": "JPN3", "display_name": "J3 League", "tier": 3, "type": "league" },
      { "league_id": "JPNCUP", "display_name": "Emperor's Cup", "tier": 1, "type": "cup" },
      { "league_id": "JPNLC", "display_name": "YBC Levain Cup", "tier": 1, "type": "cup" }
    ]
  },
  {
    "country_code": "KR",
    "country_name": "South Korea",
    "timezone": "Asia/Seoul",
    "region_cluster": "Asia_AFC",
    "leagues": [
      { "league_id": "KOR1", "display_name": "K League 1", "tier": 1, "type": "league" },
      { "league_id": "KOR2", "display_name": "K League 2", "tier": 2, "type": "league" },
      { "league_id": "KORCUP", "display_name": "Korean FA Cup", "tier": 1, "type": "cup" }
    ]
  },
  {
    "country_code": "CN",
    "country_name": "China",
    "timezone": "Asia/Shanghai",
    "region_cluster": "Asia_AFC",
    "leagues": [
      { "league_id": "CHN1", "display_name": "Chinese Super League", "tier": 1, "type": "league" },
      { "league_id": "CHN2", "display_name": "China League One", "tier": 2, "type": "league" },
      { "league_id": "CHNCUP", "display_name": "Chinese FA Cup", "tier": 1, "type": "cup" }
    ]
  },
  {
    "country_code": "SA",
    "country_name": "Saudi Arabia",
    "timezone": "Asia/Riyadh",
    "region_cluster": "Asia_AFC",
    "leagues": [
      { "league_id": "SAU1", "display_name": "Saudi Pro League", "tier": 1, "type": "league" },
      { "league_id": "SAU2", "display_name": "Saudi First Division League", "tier": 2, "type": "league" },
      { "league_id": "SAUCUP", "display_name": "King Cup", "tier": 1, "type": "cup" }
    ]
  },
  {
    "country_code": "QA",
    "country_name": "Qatar",
    "timezone": "Asia/Qatar",
    "region_cluster": "Asia_AFC",
    "leagues": [
      { "league_id": "QAT1", "display_name": "Qatar Stars League", "tier": 1, "type": "league" },
      { "league_id": "QAT2", "display_name": "Qatari Second Division", "tier": 2, "type": "league" },
      { "league_id": "QATCUP", "display_name": "Emir Cup", "tier": 1, "type": "cup" }
    ]
  },
  {
    "country_code": "AE",
    "country_name": "United Arab Emirates",
    "timezone": "Asia/Dubai",
    "region_cluster": "Asia_AFC",
    "leagues": [
      { "league_id": "UAE1", "display_name": "UAE Pro League", "tier": 1, "type": "league" },
      { "league_id": "UAE2", "display_name": "UAE First Division League", "tier": 2, "type": "league" },
      { "league_id": "UAECUP", "display_name": "UAE President's Cup", "tier": 1, "type": "cup" }
    ]
  },
  {
    "country_code": "IR",
    "country_name": "Iran",
    "timezone": "Asia/Tehran",
    "region_cluster": "Asia_AFC",
    "leagues": [
      { "league_id": "IRN1", "display_name": "Persian Gulf Pro League", "tier": 1, "type": "league" },
      { "league_id": "IRN2", "display_name": "Azadegan League", "tier": 2, "type": "league" },
      { "league_id": "IRNCUP", "display_name": "Hazfi Cup", "tier": 1, "type": "cup" }
    ]
  },
  {
    "country_code": "JO",
    "country_name": "Jordan",
    "timezone": "Asia/Amman",
    "region_cluster": "Asia_AFC",
    "leagues": [
      { "league_id": "JOR1", "display_name": "Jordan Premier League", "tier": 1, "type": "league" },
      { "league_id": "JORCUP", "display_name": "Jordan FA Cup", "tier": 1, "type": "cup" }
    ]
  },
  {
    "country_code": "KW",
    "country_name": "Kuwait",
    "timezone": "Asia/Kuwait",
    "region_cluster": "Asia_AFC",
    "leagues": [
      { "league_id": "KUW1", "display_name": "Kuwait Premier League", "tier": 1, "type": "league" },
      { "league_id": "KUWCUP", "display_name": "Kuwait Emir Cup", "tier": 1, "type": "cup" }
    ]
  },
  {
    "country_code": "BH",
    "country_name": "Bahrain",
    "timezone": "Asia/Bahrain",
    "region_cluster": "Asia_AFC",
    "leagues": [
      { "league_id": "BHR1", "display_name": "Bahrain Premier League", "tier": 1, "type": "league" },
      { "league_id": "BHRCUP", "display_name": "Bahrain King's Cup", "tier": 1, "type": "cup" }
    ]
  },
  {
    "country_code": "OM",
    "country_name": "Oman",
    "timezone": "Asia/Muscat",
    "region_cluster": "Asia_AFC",
    "leagues": [
      { "league_id": "OMA1", "display_name": "Oman Professional League", "tier": 1, "type": "league" },
      { "league_id": "OMACUP", "display_name": "Sultan Qaboos Cup", "tier": 1, "type": "cup" }
    ]
  },
  {
    "country_code": "IQ",
    "country_name": "Iraq",
    "timezone": "Asia/Baghdad",
    "region_cluster": "Asia_AFC",
    "leagues": [
      { "league_id": "IRQ1", "display_name": "Iraqi Premier League", "tier": 1, "type": "league" },
      { "league_id": "IRQCUP", "display_name": "Iraq FA Cup", "tier": 1, "type": "cup" }
    ]
  },
  {
    "country_code": "LB",
    "country_name": "Lebanon",
    "timezone": "Asia/Beirut",
    "region_cluster": "Asia_AFC",
    "leagues": [
      { "league_id": "LBN1", "display_name": "Lebanese Premier League", "tier": 1, "type": "league" },
      { "league_id": "LBNCUP", "display_name": "Lebanese FA Cup", "tier": 1, "type": "cup" }
    ]
  },
  {
    "country_code": "IN",
    "country_name": "India",
    "timezone": "Asia/Kolkata",
    "region_cluster": "Asia_AFC",
    "leagues": [
      { "league_id": "IND1", "display_name": "Indian Super League", "tier": 1, "type": "league" },
      { "league_id": "IND2", "display_name": "I-League", "tier": 2, "type": "league" },
      { "league_id": "INDCUP", "display_name": "Indian Super Cup", "tier": 1, "type": "cup" }
    ]
  },
  {
    "country_code": "TH",
    "country_name": "Thailand",
    "timezone": "Asia/Bangkok",
    "region_cluster": "Asia_AFC",
    "leagues": [
      { "league_id": "THA1", "display_name": "Thai League 1", "tier": 1, "type": "league" },
      { "league_id": "THA2", "display_name": "Thai League 2", "tier": 2, "type": "league" },
      { "league_id": "THACUP", "display_name": "Thai FA Cup", "tier": 1, "type": "cup" }
    ]
  },
  {
    "country_code": "VN",
    "country_name": "Vietnam",
    "timezone": "Asia/Ho_Chi_Minh",
    "region_cluster": "Asia_AFC",
    "leagues": [
      { "league_id": "VNM1", "display_name": "V.League 1", "tier": 1, "type": "league" },
      { "league_id": "VNM2", "display_name": "V.League 2", "tier": 2, "type": "league" },
      { "league_id": "VNMCUP", "display_name": "Vietnamese Cup", "tier": 1, "type": "cup" }
    ]
  },
  {
    "country_code": "ID",
    "country_name": "Indonesia",
    "timezone": "Asia/Jakarta",
    "region_cluster": "Asia_AFC",
    "leagues": [
      { "league_id": "IDN1", "display_name": "Liga 1", "tier": 1, "type": "league" },
      { "league_id": "IDN2", "display_name": "Liga 2", "tier": 2, "type": "league" },
      { "league_id": "IDNCUP", "display_name": "Piala Indonesia", "tier": 1, "type": "cup" }
    ]
  },
  {
    "country_code": "MY",
    "country_name": "Malaysia",
    "timezone": "Asia/Kuala_Lumpur",
    "region_cluster": "Asia_AFC",
    "leagues": [
      { "league_id": "MYS1", "display_name": "Malaysia Super League", "tier": 1, "type": "league" },
      { "league_id": "MYSCUP", "display_name": "Malaysia Cup", "tier": 1, "type": "cup" }
    ]
  },
  {
    "country_code": "SG",
    "country_name": "Singapore",
    "timezone": "Asia/Singapore",
    "region_cluster": "Asia_AFC",
    "leagues": [
      { "league_id": "SGP1", "display_name": "Singapore Premier League", "tier": 1, "type": "league" },
      { "league_id": "SGPCUP", "display_name": "Singapore Cup", "tier": 1, "type": "cup" }
    ]
  },
  {
    "country_code": "PH",
    "country_name": "Philippines",
    "timezone": "Asia/Manila",
    "region_cluster": "Asia_AFC",
    "leagues": [
      { "league_id": "PHL1", "display_name": "Philippines Football League", "tier": 1, "type": "league" }
    ]
  },
  {
    "country_code": "HK",
    "country_name": "Hong Kong",
    "timezone": "Asia/Hong_Kong",
    "region_cluster": "Asia_AFC",
    "leagues": [
      { "league_id": "HKG1", "display_name": "Hong Kong Premier League", "tier": 1, "type": "league" },
      { "league_id": "HKGCUP", "display_name": "Hong Kong FA Cup", "tier": 1, "type": "cup" }
    ]
  },
  {
    "country_code": "MM",
    "country_name": "Myanmar",
    "timezone": "Asia/Yangon",
    "region_cluster": "Asia_AFC",
    "leagues": [
      { "league_id": "MYA1", "display_name": "Myanmar National League", "tier": 1, "type": "league" }
    ]
  },
  {
    "country_code": "UZ",
    "country_name": "Uzbekistan",
    "timezone": "Asia/Tashkent",
    "region_cluster": "Asia_AFC",
    "leagues": [
      { "league_id": "UZB1", "display_name": "Uzbekistan Super League", "tier": 1, "type": "league" },
      { "league_id": "UZBCUP", "display_name": "Uzbekistan Cup", "tier": 1, "type": "cup" }
    ]
  },
  {
    "country_code": "KG",
    "country_name": "Kyrgyzstan",
    "timezone": "Asia/Bishkek",
    "region_cluster": "Asia_AFC",
    "leagues": [
      { "league_id": "KGZ1", "display_name": "Kyrgyz Premier League", "tier": 1, "type": "league" }
    ]
  },
  {
    "country_code": "TJ",
    "country_name": "Tajikistan",
    "timezone": "Asia/Dushanbe",
    "region_cluster": "Asia_AFC",
    "leagues": [
      { "league_id": "TJK1", "display_name": "Tajikistan Higher League", "tier": 1, "type": "league" },
      { "league_id": "TJKCUP", "display_name": "Tajikistan Cup", "tier": 1, "type": "cup" }
    ]
  },
  {
    "country_code": "TM",
    "country_name": "Turkmenistan",
    "timezone": "Asia/Ashgabat",
    "region_cluster": "Asia_AFC",
    "leagues": [
      { "league_id": "TKM1", "display_name": "Ýokary Liga", "tier": 1, "type": "league" }
    ]
  },
  {
    "country_code": "NP",
    "country_name": "Nepal",
    "timezone": "Asia/Kathmandu",
    "region_cluster": "Asia_AFC",
    "leagues": [
      { "league_id": "NPL1", "display_name": "Martyr's Memorial A-Division League", "tier": 1, "type": "league" }
    ]
  },
  {
    "country_code": "BD",
    "country_name": "Bangladesh",
    "timezone": "Asia/Dhaka",
    "region_cluster": "Asia_AFC",
    "leagues": [
      { "league_id": "BGD1", "display_name": "Bangladesh Premier League", "tier": 1, "type": "league" }
    ]
  },
  {
    "country_code": "PK",
    "country_name": "Pakistan",
    "timezone": "Asia/Karachi",
    "region_cluster": "Asia_AFC",
    "leagues": [
      { "league_id": "PAK1", "display_name": "Pakistan Premier League", "tier": 1, "type": "league" }
    ]
  },
  {
    "country_code": "LA",
    "country_name": "Laos",
    "timezone": "Asia/Vientiane",
    "region_cluster": "Asia_AFC",
    "leagues": [
      { "league_id": "LAO1", "display_name": "Lao League 1", "tier": 1, "type": "league" }
    ]
  },
  {
    "country_code": "KH",
    "country_name": "Cambodia",
    "timezone": "Asia/Phnom_Penh",
    "region_cluster": "Asia_AFC",
    "leagues": [
      { "league_id": "CAM1", "display_name": "Cambodian Premier League", "tier": 1, "type": "league" }
    ]
  },
  {
    "country_code": "BT",
    "country_name": "Bhutan",
    "timezone": "Asia/Thimphu",
    "region_cluster": "Asia_AFC",
    "leagues": [
      { "league_id": "BHU1", "display_name": "Bhutan Premier League", "tier": 1, "type": "league" }
    ]
  },
  {
    "country_code": "MV",
    "country_name": "Maldives",
    "timezone": "Indian/Maldives",
    "region_cluster": "Asia_AFC",
    "leagues": [
      { "league_id": "MDV1", "display_name": "Dhivehi Premier League", "tier": 1, "type": "league" }
    ]
  },
  {
    "country_code": "LK",
    "country_name": "Sri Lanka",
    "timezone": "Asia/Colombo",
    "region_cluster": "Asia_AFC",
    "leagues": [
      { "league_id": "LKA1", "display_name": "Sri Lanka Super League", "tier": 1, "type": "league" }
    ]
  }
]
