[
  {
    "code": "EU",
    "name": "Europe",
    "timezone": "Europe/London"
  },
  {
    "code": "AS",
    "name": "Asia",
    "timezone": "Asia/Tokyo"
  },
  {
    "code": "AF",
    "name": "Africa",
    "timezone": "Africa/Johannesburg"
  },
  {
    "code": "NA",
    "name": "North America",
    "timezone": "America/New_York"
  },
  {
    "code": "SA",
    "name": "South America",
    "timezone": "America/Sao_Paulo"
  },
  {
    "code": "OC",
    "name": "Oceania",
    "timezone": "Pacific/Auckland"
  },
  {
    "code": "IN",
    "name": "International",
    "timezone": "UTC"
  }
]
