[
  {
    "country_code": "AR",
    "country_name": "Argentina",
    "timezone": "America/Argentina/Buenos_Aires",
    "region_cluster": "South_America_CONMEBOL",
    "leagues": [
      {
        "league_id": "ARG1",
        "display_name": "Primera División",
        "tier": 1,
        "type": "league"
      },
      {
        "league_id": "ARG2",
        "display_name": "Primera Nacional",
        "tier": 2,
        "type": "league"
      },
      {
        "league_id": "ARG3",
        "display_name": "Primera B Metropolitana",
        "tier": 3,
        "type": "league"
      },
      {
        "league_id": "ARG4",
        "display_name": "Primera C Metropolitana",
        "tier": 4,
        "type": "league"
      },
      {
        "league_id": "ARGCUP",
        "display_name": "Copa Argentina",
        "tier": 1,
        "type": "cup"
      },
      {
        "league_id": "ARGLEAGUECUP",
        "display_name": "Copa de la Liga Profesional",
        "tier": 1,
        "type": "cup"
      },
      {
        "league_id": "ARGSUPERCUP",
        "display_name": "Supercopa Argentina",
        "tier": 1,
        "type": "supercup"
      }
    ]
  },
  {
    "country_code": "BR",
    "country_name": "Brazil",
    "timezone": "America/Sao_Paulo",
    "region_cluster": "South_America_CONMEBOL",
    "leagues": [
      {
        "league_id": "BRA1",
        "display_name": "Série A",
        "tier": 1,
        "type": "league"
      },
      {
        "league_id": "BRA2",
        "display_name": "Série B",
        "tier": 2,
        "type": "league"
      },
      {
        "league_id": "BRA3",
        "display_name": "Série C",
        "tier": 3,
        "type": "league"
      },
      {
        "league_id": "BRA4",
        "display_name": "Série D",
        "tier": 4,
        "type": "league"
      },
      {
        "league_id": "BRACUP",
        "display_name": "Copa do Brasil",
        "tier": 1,
        "type": "cup"
      },
      {
        "league_id": "BRAPAULISTA1",
        "display_name": "Campeonato Paulista A1",
        "tier": 1,
        "type": "league"
      },
      {
        "league_id": "BRACARIOCA1",
        "display_name": "Campeonato Carioca",
        "tier": 1,
        "type": "league"
      }
    ]
  },
  {
    "country_code": "UY",
    "country_name": "Uruguay",
    "timezone": "America/Montevideo",
    "region_cluster": "South_America_CONMEBOL",
    "leagues": [
      {
        "league_id": "URU1",
        "display_name": "Primera División",
        "tier": 1,
        "type": "league"
      },
      {
        "league_id": "URU2",
        "display_name": "Segunda División Profesional",
        "tier": 2,
        "type": "league"
      },
      {
        "league_id": "URUCUP",
        "display_name": "Copa Uruguay",
        "tier": 1,
        "type": "cup"
      }
    ]
  },
  {
    "country_code": "CL",
    "country_name": "Chile",
    "timezone": "America/Santiago",
    "region_cluster": "South_America_CONMEBOL",
    "leagues": [
      {
        "league_id": "CHI1",
        "display_name": "Primera División",
        "tier": 1,
        "type": "league"
      },
      {
        "league_id": "CHI2",
        "display_name": "Primera B",
        "tier": 2,
        "type": "league"
      },
      {
        "league_id": "CHI3",
        "display_name": "Segunda División Profesional",
        "tier": 3,
        "type": "league"
      },
      {
        "league_id": "CHICUP",
        "display_name": "Copa Chile",
        "tier": 1,
        "type": "cup"
      }
    ]
  },
  {
    "country_code": "CO",
    "country_name": "Colombia",
    "timezone": "America/Bogota",
    "region_cluster": "South_America_CONMEBOL",
    "leagues": [
      {
        "league_id": "COL1",
        "display_name": "Categoría Primera A",
        "tier": 1,
        "type": "league"
      },
      {
        "league_id": "COL2",
        "display_name": "Categoría Primera B",
        "tier": 2,
        "type": "league"
      },
      {
        "league_id": "COLCUP",
        "display_name": "Copa Colombia",
        "tier": 1,
        "type": "cup"
      }
    ]
  },
  {
    "country_code": "PY",
    "country_name": "Paraguay",
    "timezone": "America/Asuncion",
    "region_cluster": "South_America_CONMEBOL",
    "leagues": [
      {
        "league_id": "PAR1",
        "display_name": "Primera División",
        "tier": 1,
        "type": "league"
      },
      {
        "league_id": "PAR2",
        "display_name": "División Intermedia",
        "tier": 2,
        "type": "league"
      },
      {
        "league_id": "PARCUP",
        "display_name": "Copa Paraguay",
        "tier": 1,
        "type": "cup"
      }
    ]
  },
  {
    "country_code": "PE",
    "country_name": "Peru",
    "timezone": "America/Lima",
    "region_cluster": "South_America_CONMEBOL",
    "leagues": [
      {
        "league_id": "PER1",
        "display_name": "Liga 1",
        "tier": 1,
        "type": "league"
      },
      {
        "league_id": "PER2",
        "display_name": "Liga 2",
        "tier": 2,
        "type": "league"
      },
      {
        "league_id": "PERCUP",
        "display_name": "Copa Bicentenario",
        "tier": 1,
        "type": "cup"
      }
    ]
  },
  {
    "country_code": "EC",
    "country_name": "Ecuador",
    "timezone": "America/Guayaquil",
    "region_cluster": "South_America_CONMEBOL",
    "leagues": [
      {
        "league_id": "ECU1",
        "display_name": "Serie A",
        "tier": 1,
        "type": "league"
      },
      {
        "league_id": "ECU2",
        "display_name": "Serie B",
        "tier": 2,
        "type": "league"
      },
      {
        "league_id": "ECUCUP",
        "display_name": "Copa Ecuador",
        "tier": 1,
        "type": "cup"
      }
    ]
  },
  {
    "country_code": "BO",
    "country_name": "Bolivia",
    "timezone": "America/La_Paz",
    "region_cluster": "South_America_CONMEBOL",
    "leagues": [
      {
        "league_id": "BOL1",
        "display_name": "División Profesional",
        "tier": 1,
        "type": "league"
      },
      {
        "league_id": "BOLCUP",
        "display_name": "Copa Bolivia",
        "tier": 1,
        "type": "cup"
      }
    ]
  },
  {
    "country_code": "VE",
    "country_name": "Venezuela",
    "timezone": "America/Caracas",
    "region_cluster": "South_America_CONMEBOL",
    "leagues": [
      {
        "league_id": "VEN1",
        "display_name": "Primera División",
        "tier": 1,
        "type": "league"
      },
      {
        "league_id": "VENCUP",
        "display_name": "Copa Venezuela",
        "tier": 1,
        "type": "cup"
      }
    ]
  }
]