[
  {
    "country_code": "US",
    "country_name": "United States",
    "timezone": "America/New_York",
    "region_cluster": "North_America_CONCACAF",
    "leagues": [
      {
        "league_id": "USA1",
        "display_name": "Major League Soccer",
        "tier": 1,
        "type": "league"
      },
      {
        "league_id": "USA2",
        "display_name": "USL Championship",
        "tier": 2,
        "type": "league"
      },
      {
        "league_id": "USA3",
        "display_name": "USL League One",
        "tier": 3,
        "type": "league"
      },
      {
        "league_id": "USA4",
        "display_name": "National Independent Soccer Association",
        "tier": 3,
        "type": "league"
      },
      {
        "league_id": "USANEXT",
        "display_name": "MLS Next Pro",
        "tier": 3,
        "type": "league"
      },
      {
        "league_id": "USACUP",
        "display_name": "U.S. Open Cup",
        "tier": 1,
        "type": "cup"
      },
      {
        "league_id": "USAW1",
        "display_name": "National Women's Soccer League",
        "tier": 1,
        "type": "league_women"
      }
    ]
  },
  {
    "country_code": "CA",
    "country_name": "Canada",
    "timezone": "America/Toronto",
    "region_cluster": "North_America_CONCACAF",
    "leagues": [
      {
        "league_id": "CAN1",
        "display_name": "Canadian Premier League",
        "tier": 1,
        "type": "league"
      },
      {
        "league_id": "CANCUP",
        "display_name": "Canadian Championship",
        "tier": 1,
        "type": "cup"
      }
    ]
  },
  {
    "country_code": "MX",
    "country_name": "Mexico",
    "timezone": "America/Mexico_City",
    "region_cluster": "North_America_CONCACAF",
    "leagues": [
      {
        "league_id": "MEX1",
        "display_name": "Liga MX",
        "tier": 1,
        "type": "league"
      },
      {
        "league_id": "MEX2",
        "display_name": "Liga de Expansión MX",
        "tier": 2,
        "type": "league"
      },
      {
        "league_id": "MEXCUP",
        "display_name": "Copa MX",
        "tier": 1,
        "type": "cup"
      }
    ]
  },
  {
    "country_code": "CR",
    "country_name": "Costa Rica",
    "timezone": "America/Costa_Rica",
    "region_cluster": "North_America_CONCACAF",
    "leagues": [
      {
        "league_id": "CRC1",
        "display_name": "Primera División",
        "tier": 1,
        "type": "league"
      },
      {
        "league_id": "CRC2",
        "display_name": "Liga de Ascenso",
        "tier": 2,
        "type": "league"
      },
      {
        "league_id": "CRCCUP",
        "display_name": "Copa Costa Rica",
        "tier": 1,
        "type": "cup"
      }
    ]
  },
  {
    "country_code": "HN",
    "country_name": "Honduras",
    "timezone": "America/Tegucigalpa",
    "region_cluster": "North_America_CONCACAF",
    "leagues": [
      {
        "league_id": "HON1",
        "display_name": "Liga Nacional",
        "tier": 1,
        "type": "league"
      },
      {
        "league_id": "HON2",
        "display_name": "Liga de Ascenso",
        "tier": 2,
        "type": "league"
      }
    ]
  },
  {
    "country_code": "SV",
    "country_name": "El Salvador",
    "timezone": "America/El_Salvador",
    "region_cluster": "North_America_CONCACAF",
    "leagues": [
      {
        "league_id": "SLV1",
        "display_name": "Primera División",
        "tier": 1,
        "type": "league"
      },
      {
        "league_id": "SLV2",
        "display_name": "Segunda División",
        "tier": 2,
        "type": "league"
      },
      {
        "league_id": "SLVCUP",
        "display_name": "Copa El Salvador",
        "tier": 1,
        "type": "cup"
      }
    ]
  },
  {
    "country_code": "GT",
    "country_name": "Guatemala",
    "timezone": "America/Guatemala",
    "region_cluster": "North_America_CONCACAF",
    "leagues": [
      {
        "league_id": "GUA1",
        "display_name": "Liga Nacional",
        "tier": 1,
        "type": "league"
      },
      {
        "league_id": "GUA2",
        "display_name": "Primera División",
        "tier": 2,
        "type": "league"
      }
    ]
  },
  {
    "country_code": "PA",
    "country_name": "Panama",
    "timezone": "America/Panama",
    "region_cluster": "North_America_CONCACAF",
    "leagues": [
      {
        "league_id": "PAN1",
        "display_name": "Liga Panameña de Fútbol",
        "tier": 1,
        "type": "league"
      },
      {
        "league_id": "PAN2",
        "display_name": "Liga Prom",
        "tier": 2,
        "type": "league"
      }
    ]
  },
  {
    "country_code": "JM",
    "country_name": "Jamaica",
    "timezone": "America/Jamaica",
    "region_cluster": "North_America_CONCACAF",
    "leagues": [
      {
        "league_id": "JAM1",
        "display_name": "Jamaica Premier League",
        "tier": 1,
        "type": "league"
      }
    ]
  },
  {
    "country_code": "TT",
    "country_name": "Trinidad and Tobago",
    "timezone": "America/Port_of_Spain",
    "region_cluster": "North_America_CONCACAF",
    "leagues": [
      {
        "league_id": "TRI1",
        "display_name": "TT Premier Football League",
        "tier": 1,
        "type": "league"
      }
    ]
  },
  {
    "country_code": "DO",
    "country_name": "Dominican Republic",
    "timezone": "America/Santo_Domingo",
    "region_cluster": "North_America_CONCACAF",
    "leagues": [
      {
        "league_id": "DOM1",
        "display_name": "Liga Dominicana de Fútbol",
        "tier": 1,
        "type": "league"
      }
    ]
  },
  {
    "country_code": "NI",
    "country_name": "Nicaragua",
    "timezone": "America/Managua",
    "region_cluster": "North_America_CONCACAF",
    "leagues": [
      {
        "league_id": "NCA1",
        "display_name": "Liga Primera",
        "tier": 1,
        "type": "league"
      }
    ]
  },
  {
    "country_code": "BZ",
    "country_name": "Belize",
    "timezone": "America/Belize",
    "region_cluster": "North_America_CONCACAF",
    "leagues": [
      {
        "league_id": "BLZ1",
        "display_name": "Premier League of Belize",
        "tier": 1,
        "type": "league"
      }
    ]
  }
]