{
  "eng.1": {
    "leagueName": "English Premier League",
    "name": "English Premier League",
    "abbr": "Premier League",
    "country": "England"
  },
  "eng.2": {
    "leagueName": "English League Championship",
    "name": "English League Championship",
    "abbr": "EFL Championship",
    "country": "England"
  },
  "eng.3": {
    "leagueName": "English League One",
    "name": "English League One",
    "abbr": "EFL League One",
    "country": "England"
  },
  "eng.4": {
    "leagueName": "English League Two",
    "name": "English League Two",
    "abbr": "EFL League Two",
    "country": "England"
  },
  "eng.fa": {
    "leagueName": "English FA Cup",
    "name": "English FA Cup",
    "abbr": "English FA Cup",
    "country": "England"
  },
  "esp.1": {
    "leagueName": "Spanish LALIGA",
    "name": "Spanish LALIGA",
    "abbr": "LALIGA",
    "country": "Spain"
  },
  "esp.2": {
    "leagueName": "Spanish LALIGA 2",
    "name": "Spanish LALIGA 2",
    "abbr": "LALIGA 2",
    "country": "Spain"
  },
  "ita.1": {
    "leagueName": "Italian Serie A",
    "name": "Italian Serie A",
    "abbr": "Serie A",
    "country": "Italy"
  },
  "ita.2": {
    "leagueName": "Italian Serie B",
    "name": "Italian Serie B",
    "abbr": "Italian Serie B",
    "country": "Italy"
  },
  "ger.1": {
    "leagueName": "German Bundesliga",
    "name": "German Bundesliga",
    "abbr": "Bundesliga",
    "country": "Germany"
  },
  "ger.2": {
    "leagueName": "German 2. Bundesliga",
    "name": "German 2. Bundesliga",
    "abbr": "2. Bundesliga",
    "country": "Germany"
  },
  "fra.1": {
    "leagueName": "French Ligue 1",
    "name": "French Ligue 1",
    "abbr": "Ligue 1",
    "country": "France"
  },
  "fra.2": {
    "leagueName": "French Ligue 2",
    "name": "French Ligue 2",
    "abbr": "Ligue 2",
    "country": "France"
  },
  "ned.1": {
    "leagueName": "Dutch Eredivisie",
    "name": "Dutch Eredivisie",
    "abbr": "Eredivisie",
    "country": "Netherlands"
  },
  "ned.2": {
    "leagueName": "Dutch Keuken Kampioen Divisie",
    "name": "Dutch Keuken Kampioen Divisie",
    "abbr": "Eerste",
    "country": "Netherlands"
  },
  "por.1": {
    "leagueName": "Portuguese Primeira Liga",
    "name": "Portuguese Primeira Liga",
    "abbr": "Portuguese Liga",
    "country": "Portugal"
  },
  "gre.1": {
    "leagueName": "Greek Super League",
    "name": "Greek Super League",
    "abbr": "Greek Super League",
    "country": "Greece"
  },
  "tur.1": {
    "leagueName": "Turkish Super Lig",
    "name": "Turkish Super Lig",
    "abbr": "Turkish Super Lig",
    "country": "Turkey"
  },
  "tur.2": {
    "leagueName": "Turkish 1. Ligi",
    "name": "Turkish 1. Ligi",
    "abbr": "TUR.2",
    "country": "Turkey"
  },
  "bel.1": {
    "leagueName": "Belgian Pro League",
    "name": "Belgian Pro League",
    "abbr": "Belgian Pro League",
    "country": "Belgium"
  },
  "sco.1": {
    "leagueName": "Scottish Premiership",
    "name": "Scottish Premiership",
    "abbr": "SPFL Premiership",
    "country": "Scotland"
  },
  "sco.2": {
    "leagueName": "Scottish Championship",
    "name": "Scottish Championship",
    "abbr": "SPFL Championship",
    "country": "Scotland"
  },
  "sco.3": {
    "leagueName": "Scottish League One",
    "name": "Scottish League One",
    "abbr": "SPFL League One",
    "country": "Scotland"
  },
  "sco.4": {
    "leagueName": "Scottish League Two",
    "name": "Scottish League Two",
    "abbr": "SPFL League Two",
    "country": "Scotland"
  },
  "aut.1": {
    "leagueName": "Austrian Bundesliga",
    "name": "Austrian Bundesliga",
    "abbr": "Austrian Bundesliga",
    "country": "Austria"
  },
  "aut.2": {
    "leagueName": "Austrian Division I",
    "name": "Austrian Division I",
    "abbr": "AUT.2",
    "country": "Austria"
  },
  "sui.1": {
    "leagueName": "Swiss Super League",
    "name": "Swiss Super League",
    "abbr": "Swiss Super League",
    "country": "Switzerland"
  },
  "cze.1": {
    "leagueName": "Gambrinus Liga",
    "name": "Gambrinus Liga",
    "abbr": "CMFS",
    "country": "Czech Republic"
  },
  "rou.1": {
    "leagueName": "Romanian Liga 1",
    "name": "Romanian Liga 1",
    "abbr": "Romanian Liga 1",
    "country": "Romania"
  },
  "den.1": {
    "leagueName": "Danish Superliga",
    "name": "Danish Superliga",
    "abbr": "Danish Superliga",
    "country": "Denmark"
  },
  "nor.1": {
    "leagueName": "Norwegian Eliteserien",
    "name": "Norwegian Eliteserien",
    "abbr": "Norwegian Eliteserien",
    "country": "Norway"
  },
  "swe.1": {
    "leagueName": "Swedish Allsvenskan",
    "name": "Swedish Allsvenskan",
    "abbr": "Swedish Allsvenskan",
    "country": "Sweden"
  },
  "fin.1": {
    "leagueName": "Finnish Veikkausliga",
    "name": "Finnish Veikkausliga",
    "abbr": "Finnish Veikkausliga",
    "country": "Finland"
  },
  "irl.1": {
    "leagueName": "Irish Premier Division",
    "name": "Irish Premier Division",
    "abbr": "Irish Premier Division",
    "country": "Ireland"
  },
  "wal.1": {
    "leagueName": "Welsh Premier League",
    "name": "Welsh Premier League",
    "abbr": "Welsh Premier League",
    "country": "Wales"
  },
  "cyp.1": {
    "leagueName": "Cypriot First Division",
    "name": "Cypriot First Division",
    "abbr": "Cypriot First Division",
    "country": "Unknown"
  },
  "arg.1": {
    "leagueName": "Argentine Liga Profesional de Fútbol",
    "name": "Argentine Liga Profesional de Fútbol",
    "abbr": "Argentine LPF",
    "country": "Argentina"
  },
  "bra.1": {
    "leagueName": "Brazilian Serie A",
    "name": "Brazilian Serie A",
    "abbr": "Brazil Serie A",
    "country": "Brazil"
  },
  "bra.2": {
    "leagueName": "Brazilian Serie B",
    "name": "Brazilian Serie B",
    "abbr": "Brazil Serie B",
    "country": "Brazil"
  },
  "chi.1": {
    "leagueName": "Chilean Primera División",
    "name": "Chilean Primera División",
    "abbr": "Chilean Primera",
    "country": "Chile"
  },
  "col.1": {
    "leagueName": "Colombian Primera A",
    "name": "Colombian Primera A",
    "abbr": "Colombian Primera A",
    "country": "Colombia"
  },
  "uru.1": {
    "leagueName": "Liga AUF Uruguaya",
    "name": "Liga AUF Uruguaya",
    "abbr": "Liga AUF Uruguaya",
    "country": "Uruguay"
  },
  "par.1": {
    "leagueName": "Paraguayan Primera División",
    "name": "Paraguayan Primera División",
    "abbr": "Paraguayan Primera",
    "country": "Paraguay"
  },
  "per.1": {
    "leagueName": "Peruvian Liga 1",
    "name": "Peruvian Liga 1",
    "abbr": "Peru Liga 1",
    "country": "Peru"
  },
  "ecu.1": {
    "leagueName": "LigaPro Ecuador",
    "name": "LigaPro Ecuador",
    "abbr": "LigaPro Ecuador",
    "country": "Ecuador"
  },
  "bol.1": {
    "leagueName": "Bolivian Liga Profesional",
    "name": "Bolivian Liga Profesional",
    "abbr": "Bolivian Liga Profesional",
    "country": "Bolivia"
  },
  "ven.1": {
    "leagueName": "Venezuelan Primera División",
    "name": "Venezuelan Primera División",
    "abbr": "Liga FUTVE",
    "country": "Venezuela"
  },
  "mex.1": {
    "leagueName": "Mexican Liga BBVA MX",
    "name": "Mexican Liga BBVA MX",
    "abbr": "Liga MX",
    "country": "Mexico"
  },
  "usa.1": {
    "leagueName": "MLS",
    "name": "MLS",
    "abbr": "MLS",
    "country": "USA"
  },
  "crc.1": {
    "leagueName": "Costa Rican Primera Division",
    "name": "Costa Rican Primera Division",
    "abbr": "Liga FPD",
    "country": "Costa Rica"
  },
  "hon.1": {
    "leagueName": "Honduran Liga Nacional",
    "name": "Honduran Liga Nacional",
    "abbr": "Honduran Liga Nacional",
    "country": "Honduras"
  },
  "gua.1": {
    "leagueName": "Guatemalan Liga Nacional",
    "name": "Guatemalan Liga Nacional",
    "abbr": "Guatemalan Liga Nacional",
    "country": "Guatemala"
  },
  "rsa.1": {
    "leagueName": "South African Premiership",
    "name": "South African Premiership",
    "abbr": "South African Premiership",
    "country": "South Africa"
  },
  "nga.1": {
    "leagueName": "Nigerian Professional League",
    "name": "Nigerian Professional League",
    "abbr": "Nigerian Pro League",
    "country": "Nigeria"
  },
  "gha.1": {
    "leagueName": "Ghanaian Premier League",
    "name": "Ghanaian Premier League",
    "abbr": "Ghanaian Premier League",
    "country": "Ghana"
  },
  "jpn.1": {
    "leagueName": "Japanese J.League",
    "name": "Japanese J.League",
    "abbr": "Japanese J1 League",
    "country": "Japan"
  },
  "chn.1": {
    "leagueName": "Chinese Super League",
    "name": "Chinese Super League",
    "abbr": "Chinese Super League",
    "country": "China"
  },
  "tha.1": {
    "leagueName": "Thai League 1",
    "name": "Thai League 1",
    "abbr": "Thai Premier League",
    "country": "Thailand"
  },
  "ind.1": {
    "leagueName": "Indian Super League",
    "name": "Indian Super League",
    "abbr": "Indian Super League",
    "country": "India"
  },
  "aus.1": {
    "leagueName": "Australian A-League Men",
    "name": "Australian A-League Men",
    "abbr": "A-League Men",
    "country": "Australia"
  },
  "isr.1": {
    "leagueName": "Israeli Premier League",
    "name": "Israeli Premier League",
    "abbr": "Israeli Premier League",
    "country": "Israel"
  },
  "mys.1": {
    "leagueName": "Malaysian Super League",
    "name": "Malaysian Super League",
    "abbr": "Malaysian Super League",
    "country": "Malaysia"
  },
  "sgp.1": {
    "leagueName": "Singaporean Premier League",
    "name": "Singaporean Premier League",
    "abbr": "Singapore Premier League",
    "country": "Singapore"
  },
  "idn.1": {
    "leagueName": "Indonesian Super League",
    "name": "Indonesian Super League",
    "abbr": "Indonesian Super League",
    "country": "Indonesia"
  },
  "uefa.champions": {
    "leagueName": "UEFA Champions League",
    "name": "UEFA Champions League",
    "abbr": "UEFA Champions League",
    "country": "International"
  },
  "uefa.europa": {
    "leagueName": "UEFA Europa League",
    "name": "UEFA Europa League",
    "abbr": "UEFA Europa League",
    "country": "International"
  },
  "uefa.europa.conf": {
    "leagueName": "UEFA Conference League",
    "name": "UEFA Conference League",
    "abbr": "UEFA Conference League",
    "country": "International"
  },
  "uefa.nations": {
    "leagueName": "UEFA Nations League",
    "name": "UEFA Nations League",
    "abbr": "UEFA Nations League",
    "country": "International"
  },
  "fifa.world": {
    "leagueName": "FIFA World Cup",
    "name": "FIFA World Cup",
    "abbr": "FIFA World Cup",
    "country": "International"
  },
  "fifa.worldq": {
    "leagueName": "World Cup Qualifying",
    "name": "World Cup Qualifying",
    "abbr": "WCQ",
    "country": "International"
  },
  "concacaf.gold": {
    "leagueName": "Concacaf Gold Cup",
    "name": "Concacaf Gold Cup",
    "abbr": "Gold Cup",
    "country": "International"
  },
  "concacaf.champions": {
    "leagueName": "Concacaf Champions Cup",
    "name": "Concacaf Champions Cup",
    "abbr": "Concacaf Champions Cup",
    "country": "International"
  },
  "afc.champions": {
    "leagueName": "AFC Champions League Elite",
    "name": "AFC Champions League Elite",
    "abbr": "AFC Champions League Elite",
    "country": "International"
  },
  "caf.champions": {
    "leagueName": "CAF Champions League",
    "name": "CAF Champions League",
    "abbr": "CAF Champions League",
    "country": "International"
  },
  "eng.efl.cup": {
    "leagueName": "EFL Cup (Carabao Cup)",
    "name": "EFL Cup (Carabao Cup)",
    "abbr": "ENG.EFL.CUP",
    "country": "England"
  },
  "por.2": {
    "leagueName": "Portuguese Liga 2",
    "name": "Portuguese Liga 2",
    "abbr": "POR.2",
    "country": "Portugal"
  },
  "gre.2": {
    "leagueName": "Greek Super League 2",
    "name": "Greek Super League 2",
    "abbr": "GRE.2",
    "country": "Greece"
  },
  "pol.1": {
    "leagueName": "Polish Ekstraklasa",
    "name": "Polish Ekstraklasa",
    "abbr": "POL.1",
    "country": "Poland"
  },
  "pol.2": {
    "leagueName": "Polish I Liga",
    "name": "Polish I Liga",
    "abbr": "POL.2",
    "country": "Poland"
  },
  "bul.1": {
    "leagueName": "Bulgarian Parva Liga",
    "name": "Bulgarian Parva Liga",
    "abbr": "BUL.1",
    "country": "Bulgaria"
  },
  "isl.1": {
    "leagueName": "Icelandic Úrvalsdeild",
    "name": "Icelandic Úrvalsdeild",
    "abbr": "ISL.1",
    "country": "Iceland"
  },
  "cro.1": {
    "leagueName": "Croatian HNL",
    "name": "Croatian HNL",
    "abbr": "CRO.1",
    "country": "Croatia"
  },
  "arg.cup": {
    "leagueName": "Copa Argentina",
    "name": "Copa Argentina",
    "abbr": "ARG.CUP",
    "country": "Argentina"
  },
  "bra.cup": {
    "leagueName": "Copa do Brasil",
    "name": "Copa do Brasil",
    "abbr": "BRA.CUP",
    "country": "Brazil"
  },
  "usa.uslc": {
    "leagueName": "USL Championship",
    "name": "USL Championship",
    "abbr": "USA.USLC",
    "country": "USA"
  },
  "egy.1": {
    "leagueName": "Egyptian Premier League",
    "name": "Egyptian Premier League",
    "abbr": "EGY.1",
    "country": "Egypt"
  },
  "mor.1": {
    "leagueName": "Moroccan Botola Pro",
    "name": "Moroccan Botola Pro",
    "abbr": "MOR.1",
    "country": "Morocco"
  },
  "tun.1": {
    "leagueName": "Tunisian Ligue 1",
    "name": "Tunisian Ligue 1",
    "abbr": "TUN.1",
    "country": "Tunisia"
  },
  "nzl.1": {
    "leagueName": "New Zealand National League",
    "name": "New Zealand National League",
    "abbr": "NZL.1",
    "country": "New Zealand"
  },
  "sau.1": {
    "leagueName": "Saudi Pro League",
    "name": "Saudi Pro League",
    "abbr": "SAU.1",
    "country": "Saudi Arabia"
  },
  "qat.1": {
    "leagueName": "Qatar Stars League",
    "name": "Qatar Stars League",
    "abbr": "QAT.1",
    "country": "Qatar"
  },
  "uae.1": {
    "leagueName": "UAE Pro League",
    "name": "UAE Pro League",
    "abbr": "UAE.1",
    "country": "United Arab Emirates"
  },
  "irn.1": {
    "leagueName": "Iran Pro League",
    "name": "Iran Pro League",
    "abbr": "IRN.1",
    "country": "Iran"
  },
  "africa.cup": {
    "leagueName": "Africa Cup of Nations",
    "name": "Africa Cup of Nations",
    "abbr": "AFRICA.CUP",
    "country": "International"
  },
  "sudamericana": {
    "leagueName": "Copa Sudamericana",
    "name": "Copa Sudamericana",
    "abbr": "SUDAMERICANA",
    "country": "International"
  },
  "libertadores": {
    "leagueName": "Copa Libertadores",
    "name": "Copa Libertadores",
    "abbr": "LIBERTADORES",
    "country": "International"
  },
  "eng.1.w": {
    "leagueName": "Women's Super League England",
    "name": "Women's Super League England",
    "abbr": "ENG.1.W",
    "country": "England"
  },
  "esp.1.w": {
    "leagueName": "Primera División Femenina Spain",
    "name": "Primera División Femenina Spain",
    "abbr": "ESP.1.W",
    "country": "Spain"
  },
  "ita.1.w": {
    "leagueName": "Serie A Women",
    "name": "Serie A Women",
    "abbr": "ITA.1.W",
    "country": "Italy"
  },
  "fra.1.w": {
    "leagueName": "D1 Féminine France",
    "name": "D1 Féminine France",
    "abbr": "FRA.1.W",
    "country": "France"
  },
  "usa.1.w": {
    "leagueName": "NWSL USA",
    "name": "NWSL USA",
    "abbr": "USA.1.W",
    "country": "USA"
  },
  "jpn.1.w": {
    "leagueName": "WE League Japan",
    "name": "WE League Japan",
    "abbr": "JPN.1.W",
    "country": "Japan"
  },
  "svk.1": {
    "leagueName": "Slovak Super Liga",
    "name": "Slovak Super Liga",
    "abbr": "SVK.1",
    "country": "Slovakia"
  },
  "svn.1": {
    "leagueName": "Slovenian PrvaLiga",
    "name": "Slovenian PrvaLiga",
    "abbr": "SVN.1",
    "country": "Slovenia"
  },
  "hun.1": {
    "leagueName": "Hungarian NB I",
    "name": "Hungarian NB I",
    "abbr": "HUN.1",
    "country": "Hungary"
  },
  "ukr.1": {
    "leagueName": "Ukrainian Premier League",
    "name": "Ukrainian Premier League",
    "abbr": "UKR.1",
    "country": "Ukraine"
  },
  "nirl.1": {
    "leagueName": "NIFL Premiership",
    "name": "NIFL Premiership",
    "abbr": "NIRL.1",
    "country": "Northern Ireland"
  },
  "lux.1": {
    "leagueName": "Luxembourg National Division",
    "name": "Luxembourg National Division",
    "abbr": "LUX.1",
    "country": "Luxembourg"
  },
  "ltu.1": {
    "leagueName": "Lithuanian A Lyga",
    "name": "Lithuanian A Lyga",
    "abbr": "LTU.1",
    "country": "Lithuania"
  },
  "lva.1": {
    "leagueName": "Latvian Virslīga",
    "name": "Latvian Virslīga",
    "abbr": "LVA.1",
    "country": "Latvia"
  },
  "est.1": {
    "leagueName": "Estonian Meistriliiga",
    "name": "Estonian Meistriliiga",
    "abbr": "EST.1",
    "country": "Estonia"
  },
  "alb.1": {
    "leagueName": "Albanian Kategoria Superiore",
    "name": "Albanian Kategoria Superiore",
    "abbr": "ALB.1",
    "country": "Albania"
  },
  "bih.1": {
    "leagueName": "Premier League of Bosnia and Herzegovina",
    "name": "Premier League of Bosnia and Herzegovina",
    "abbr": "BIH.1",
    "country": "Bosnia and Herzegovina"
  },
  "mne.1": {
    "leagueName": "Montenegrin First League",
    "name": "Montenegrin First League",
    "abbr": "MNE.1",
    "country": "Montenegro"
  },
  "mkd.1": {
    "leagueName": "Macedonian First Football League",
    "name": "Macedonian First Football League",
    "abbr": "MKD.1",
    "country": "North Macedonia"
  },
  "geo.1": {
    "leagueName": "Georgian Erovnuli Liga",
    "name": "Georgian Erovnuli Liga",
    "abbr": "GEO.1",
    "country": "Georgia"
  },
  "arm.1": {
    "leagueName": "Armenian Premier League",
    "name": "Armenian Premier League",
    "abbr": "ARM.1",
    "country": "Armenia"
  },
  "aze.1": {
    "leagueName": "Azerbaijan Premier League",
    "name": "Azerbaijan Premier League",
    "abbr": "AZE.1",
    "country": "Azerbaijan"
  },
  "kaz.1": {
    "leagueName": "Kazakhstan Premier League",
    "name": "Kazakhstan Premier League",
    "abbr": "KAZ.1",
    "country": "Kazakhstan"
  },
  "can.1": {
    "leagueName": "Canadian Premier League",
    "name": "Canadian Premier League",
    "abbr": "CAN.1",
    "country": "Canada"
  },
  "pan.1": {
    "leagueName": "Liga Panameña de Fútbol",
    "name": "Liga Panameña de Fútbol",
    "abbr": "PAN.1",
    "country": "Panama"
  },
  "alg.1": {
    "leagueName": "Algerian Ligue 1",
    "name": "Algerian Ligue 1",
    "abbr": "ALG.1",
    "country": "Algeria"
  },
  "civ.1": {
    "leagueName": "Ivorian Ligue 1",
    "name": "Ivorian Ligue 1",
    "abbr": "CIV.1",
    "country": "Côte d'Ivoire"
  },
  "sen.1": {
    "leagueName": "Senegal Ligue 1",
    "name": "Senegal Ligue 1",
    "abbr": "SEN.1",
    "country": "Senegal"
  },
  "cam.1": {
    "leagueName": "Cameroon Elite One",
    "name": "Cameroon Elite One",
    "abbr": "CAM.1",
    "country": "Cameroon"
  },
  "jpn.2": {
    "leagueName": "Japanese J2 League",
    "name": "Japanese J2 League",
    "abbr": "JPN.2",
    "country": "Japan"
  },
  "kor.1": {
    "leagueName": "K League 1",
    "name": "K League 1",
    "abbr": "KOR.1",
    "country": "South Korea"
  },
  "vnm.1": {
    "leagueName": "V.League 1",
    "name": "V.League 1",
    "abbr": "VNM.1",
    "country": "Unknown"
  },
  "jor.1": {
    "leagueName": "Jordanian Pro League",
    "name": "Jordanian Pro League",
    "abbr": "JOR.1",
    "country": "Jordan"
  },
  "kuw.1": {
    "leagueName": "Kuwait Premier League",
    "name": "Kuwait Premier League",
    "abbr": "KUW.1",
    "country": "Kuwait"
  },
  "oma.1": {
    "leagueName": "Oman Professional League",
    "name": "Oman Professional League",
    "abbr": "OMA.1",
    "country": "Oman"
  },
  "bhr.1": {
    "leagueName": "Bahraini Premier League",
    "name": "Bahraini Premier League",
    "abbr": "BHR.1",
    "country": "Bahrain"
  },
  "leb.1": {
    "leagueName": "Lebanese Premier League",
    "name": "Lebanese Premier League",
    "abbr": "LEB.1",
    "country": "Lebanon"
  },
  "syr.1": {
    "leagueName": "Syrian Premier League",
    "name": "Syrian Premier League",
    "abbr": "SYR.1",
    "country": "Syria"
  },
  "uzb.1": {
    "leagueName": "Uzbekistan Super League",
    "name": "Uzbekistan Super League",
    "abbr": "UZB.1",
    "country": "Uzbekistan"
  },
  "kgz.1": {
    "leagueName": "Kyrgyz Premier League",
    "name": "Kyrgyz Premier League",
    "abbr": "KGZ.1",
    "country": "Kyrgyzstan"
  },
  "copa.america": {
    "leagueName": "Copa América",
    "name": "Copa América",
    "abbr": "COPA.AMERICA",
    "country": "International"
  },
  "ger.1.w": {
    "leagueName": "Frauen-Bundesliga",
    "name": "Frauen-Bundesliga",
    "abbr": "GER.1.W",
    "country": "Germany"
  },
  "bra.1.w": {
    "leagueName": "Campeonato Brasileiro Feminino",
    "name": "Campeonato Brasileiro Feminino",
    "abbr": "BRA.1.W",
    "country": "Brazil"
  },
  "swe.1.w": {
    "leagueName": "Damallsvenskan",
    "name": "Damallsvenskan",
    "abbr": "SWE.1.W",
    "country": "Sweden"
  }
}