[
  {
    "category": "National Teams - Global",
    "region_cluster": "International",
    "competitions": [
      { "league_id": "FIFA_WC", "display_name": "FIFA World Cup", "type": "tournament" },
      { "league_id": "FIFA_WCQ_UEFA", "display_name": "World Cup Qualifiers - Europe", "type": "qualifiers" },
      { "league_id": "FIFA_WCQ_CONMEBOL", "display_name": "World Cup Qualifiers - South America", "type": "qualifiers" },
      { "league_id": "FIFA_WCQ_AFC", "display_name": "World Cup Qualifiers - Asia", "type": "qualifiers" },
      { "league_id": "FIFA_WCQ_CAF", "display_name": "World Cup Qualifiers - Africa", "type": "qualifiers" },
      { "league_id": "FIFA_WCQ_CONCACAF", "display_name": "World Cup Qualifiers - CONCACAF", "type": "qualifiers" },
      { "league_id": "FIFA_WCQ_OFC", "display_name": "World Cup Qualifiers - Oceania", "type": "qualifiers" }
    ]
  },
  {
    "category": "National Teams - Continental",
    "region_cluster": "International",
    "competitions": [
      { "league_id": "EURO", "display_name": "UEFA European Championship", "type": "tournament" },
      { "league_id": "EURO_Q", "display_name": "Euro Qualifiers", "type": "qualifiers" },
      { "league_id": "AFCON", "display_name": "Africa Cup of Nations", "type": "tournament" },
      { "league_id": "AFCON_Q", "display_name": "AFCON Qualifiers", "type": "qualifiers" },
      { "league_id": "ASIAN_CUP", "display_name": "AFC Asian Cup", "type": "tournament" },
      { "league_id": "ASIAN_CUP_Q", "display_name": "Asian Cup Qualifiers", "type": "qualifiers" },
      { "league_id": "COPA_AMERICA", "display_name": "Copa América", "type": "tournament" },
      { "league_id": "COPA_AMERICA_Q", "display_name": "Copa América Qualifiers", "type": "qualifiers" },
      { "league_id": "GOLD_CUP", "display_name": "CONCACAF Gold Cup", "type": "tournament" },
      { "league_id": "NATIONS_LEAGUE_CONCACAF", "display_name": "CONCACAF Nations League", "type": "league" },
      { "league_id": "OFC_NATIONS_CUP", "display_name": "OFC Nations Cup", "type": "tournament" }
    ]
  },
  {
    "category": "National Teams - Youth",
    "region_cluster": "International",
    "competitions": [
      { "league_id": "U21_EURO", "display_name": "UEFA U21 Championship", "type": "youth" },
      { "league_id": "U20_WC", "display_name": "FIFA U-20 World Cup", "type": "youth" },
      { "league_id": "U19_EURO", "display_name": "UEFA U19 Championship", "type": "youth" },
      { "league_id": "U17_WC", "display_name": "FIFA U-17 World Cup", "type": "youth" }
    ]
  },
  {
    "category": "Clubs - UEFA",
    "region_cluster": "International",
    "competitions": [
      { "league_id": "UCL", "display_name": "UEFA Champions League", "type": "league" },
      { "league_id": "UEL", "display_name": "UEFA Europa League", "type": "league" },
      { "league_id": "UECL", "display_name": "UEFA Conference League", "type": "league" },
      { "league_id": "UEFA_SC", "display_name": "UEFA Super Cup", "type": "supercup" },
      { "league_id": "UWCL", "display_name": "UEFA Women's Champions League", "type": "league" }
    ]
  },
  {
    "category": "Clubs - CONMEBOL",
    "region_cluster": "International",
    "competitions": [
      { "league_id": "LIB", "display_name": "Copa Libertadores", "type": "league" },
      { "league_id": "SUD", "display_name": "Copa Sudamericana", "type": "league" },
      { "league_id": "REC_SUD", "display_name": "Recopa Sudamericana", "type": "supercup" }
    ]
  },
  {
    "category": "Clubs - CONCACAF",
    "region_cluster": "International",
    "competitions": [
      { "league_id": "CONCACAF_CC", "display_name": "CONCACAF Champions Cup", "type": "league" }
    ]
  },
  {
    "category": "Clubs - CAF",
    "region_cluster": "International",
    "competitions": [
      { "league_id": "CAF_CL", "display_name": "CAF Champions League", "type": "league" },
      { "league_id": "CAF_CONF", "display_name": "CAF Confederation Cup", "type": "league" }
    ]
  },
  {
    "category": "Clubs - AFC",
    "region_cluster": "International",
    "competitions": [
      { "league_id": "AFC_ELITE", "display_name": "AFC Champions League Elite", "type": "league" },
      { "league_id": "AFC_TWO", "display_name": "AFC Champions League Two", "type": "league" }
    ]
  },
  {
    "category": "Clubs - OFC",
    "region_cluster": "International",
    "competitions": [
      { "league_id": "OFC_CL", "display_name": "OFC Champions League", "type": "league" }
    ]
  },
  {
    "category": "Clubs - Global",
    "region_cluster": "International",
    "competitions": [
      { "league_id": "FIFA_CWC", "display_name": "FIFA Club World Cup", "type": "tournament" }
    ]
  },
  {
    "category": "Women - National Teams",
    "region_cluster": "International",
    "competitions": [
      { "league_id": "WWC", "display_name": "FIFA Women's World Cup", "type": "tournament" },
      { "league_id": "WEURO", "display_name": "UEFA Women's Euro", "type": "tournament" }
    ]
  },
  {
    "category": "Women - Clubs",
    "region_cluster": "International",
    "competitions": [
      { "league_id": "UWCL_W", "display_name": "UEFA Women's Champions League (Women Category)", "type": "league" },
      { "league_id": "FIFA_WCWC", "display_name": "FIFA Women's Club World Cup", "type": "tournament" }
    ]
  },
  {
    "category": "Olympics",
    "region_cluster": "International",
    "competitions": [
      { "league_id": "OLY_M", "display_name": "Olympic Football (Men U23)", "type": "tournament" },
      { "league_id": "OLY_W", "display_name": "Olympic Football (Women)", "type": "tournament" }
    ]
  }
]
