[
  {
    "country_code": "AL",
    "country_name": "Albania",
    "timezone": "Europe/Tirane",
    "region_cluster": "Europe_South",
    "leagues": [
      { "league_id": "ALB1", "display_name": "Kategoria Superiore", "tier": 1 },
      { "league_id": "ALB2", "display_name": "Kategoria e Parë", "tier": 2 },
      { "league_id": "ALBW1", "display_name": "Women's National Championship", "tier": 1 }
    ]
  },
  {
    "country_code": "AD",
    "country_name": "Andorra",
    "timezone": "Europe/Andorra",
    "region_cluster": "Europe_South",
    "leagues": [
      { "league_id": "AND1", "display_name": "Primera Divisió", "tier": 1 },
      { "league_id": "AND2", "display_name": "Segona Divisió", "tier": 2 }
    ]
  },
  {
    "country_code": "AT",
    "country_name": "Austria",
    "timezone": "Europe/Vienna",
    "region_cluster": "Europe_Central",
    "leagues": [
      { "league_id": "AUT1", "display_name": "Bundesliga", "tier": 1 },
      { "league_id": "AUT2", "display_name": "2. Liga", "tier": 2 },
      { "league_id": "AUTW1", "display_name": "Frauen Bundesliga", "tier": 1 }
    ]
  },
  {
    "country_code": "BY",
    "country_name": "Belarus",
    "timezone": "Europe/Minsk",
    "region_cluster": "Europe_East",
    "leagues": [
      { "league_id": "BLR1", "display_name": "Premier League", "tier": 1 },
      { "league_id": "BLR2", "display_name": "First League", "tier": 2 },
      { "league_id": "BLRW1", "display_name": "Women's Premier League", "tier": 1 }
    ]
  },
  {
    "country_code": "BE",
    "country_name": "Belgium",
    "timezone": "Europe/Brussels",
    "region_cluster": "Europe_West",
    "leagues": [
      { "league_id": "BEL1", "display_name": "Pro League", "tier": 1 },
      { "league_id": "BEL2", "display_name": "Challenger Pro League", "tier": 2 },
      { "league_id": "BELW1", "display_name": "Super League Women", "tier": 1 }
    ]
  },
  {
    "country_code": "BA",
    "country_name": "Bosnia and Herzegovina",
    "timezone": "Europe/Sarajevo",
    "region_cluster": "Europe_South",
    "leagues": [
      { "league_id": "BIH1", "display_name": "Premier League", "tier": 1 },
      { "league_id": "BIHW1", "display_name": "Women's Premier League", "tier": 1 }
    ]
  },
  {
    "country_code": "BG",
    "country_name": "Bulgaria",
    "timezone": "Europe/Sofia",
    "region_cluster": "Europe_East",
    "leagues": [
      { "league_id": "BUL1", "display_name": "First League", "tier": 1 },
      { "league_id": "BUL2", "display_name": "Second League", "tier": 2 },
      { "league_id": "BULW1", "display_name": "Women's A Group", "tier": 1 }
    ]
  },
  {
    "country_code": "HR",
    "country_name": "Croatia",
    "timezone": "Europe/Zagreb",
    "region_cluster": "Europe_Central",
    "leagues": [
      { "league_id": "CRO1", "display_name": "Prva HNL", "tier": 1 },
      { "league_id": "CROW1", "display_name": "Prva HNLŽ (Women's First League)", "tier": 1 }
    ]
  },
  {
    "country_code": "CY",
    "country_name": "Cyprus",
    "timezone": "Asia/Nicosia",
    "region_cluster": "Europe_South",
    "leagues": [
      { "league_id": "CYP1", "display_name": "First Division", "tier": 1 },
      { "league_id": "CYPW1", "display_name": "Women's First Division", "tier": 1 }
    ]
  },
  {
    "country_code": "CZ",
    "country_name": "Czech Republic",
    "timezone": "Europe/Prague",
    "region_cluster": "Europe_Central",
    "leagues": [
      { "league_id": "CZE1", "display_name": "Fortuna Liga", "tier": 1 },
      { "league_id": "CZE2", "display_name": "National League", "tier": 2 },
      { "league_id": "CZEW1", "display_name": "Women's First League", "tier": 1 }
    ]
  },
  {
    "country_code": "DK",
    "country_name": "Denmark",
    "timezone": "Europe/Copenhagen",
    "region_cluster": "Europe_North",
    "leagues": [
      { "league_id": "DEN1", "display_name": "Superliga", "tier": 1 },
      { "league_id": "DEN2", "display_name": "1st Division", "tier": 2 },
      { "league_id": "DENW1", "display_name": "Women's League", "tier": 1 }
    ]
  },
  {
    "country_code": "EN",
    "country_name": "England",
    "timezone": "Europe/London",
    "region_cluster": "Europe_West",
    "leagues": [
      { "league_id": "ENG1", "display_name": "Premier League", "tier": 1 },
      { "league_id": "ENG2", "display_name": "Championship", "tier": 2 },
      { "league_id": "ENG3", "display_name": "League One", "tier": 3 },
      { "league_id": "ENG4", "display_name": "League Two", "tier": 4 },

      { "league_id": "ENG5", "display_name": "National League", "tier": 5 },
      { "league_id": "ENG6N", "display_name": "National League North", "tier": 6 },
      { "league_id": "ENG6S", "display_name": "National League South", "tier": 6 },

      { "league_id": "ENG7I", "display_name": "Isthmian Premier Division", "tier": 7 },
      { "league_id": "ENG7N", "display_name": "Northern Premier League - Premier Division", "tier": 7 },
      { "league_id": "ENG7S", "display_name": "Southern League Premier Division Central", "tier": 7 },
      { "league_id": "ENG7SW", "display_name": "Southern League Premier Division South", "tier": 7 },

      { "league_id": "ENG8I", "display_name": "Isthmian League Division One North", "tier": 8 },
      { "league_id": "ENG8IS", "display_name": "Isthmian League Division One South East", "tier": 8 },
      { "league_id": "ENG8IM", "display_name": "Isthmian League Division One South Central", "tier": 8 },

      { "league_id": "ENG8NP1", "display_name": "Northern Premier League Division One East", "tier": 8 },
      { "league_id": "ENG8NP2", "display_name": "Northern Premier League Division One Midlands", "tier": 8 },
      { "league_id": "ENG8NP3", "display_name": "Northern Premier League Division One West", "tier": 8 },

      { "league_id": "ENG8S1C", "display_name": "Southern League Division One Central", "tier": 8 },
      { "league_id": "ENG8S1S", "display_name": "Southern League Division One South", "tier": 8 },

      { "league_id": "ENGCUP", "display_name": "FA Cup", "tier": 1 },

      { "league_id": "ENGW1", "display_name": "FA Women's Super League", "tier": 1 },
      { "league_id": "ENGW2", "display_name": "Women's Championship", "tier": 2 },
      { "league_id": "ENGW3N", "display_name": "FA Women's National League - Northern Premier", "tier": 3 },
      { "league_id": "ENGW3S", "display_name": "FA Women's National League - Southern Premier", "tier": 3 },

      { "league_id": "ENGWU23", "display_name": "FA Women's League Cup", "tier": 1 },

      { "league_id": "ENGU21A", "display_name": "Premier League 2 - Division 1 (U21)", "tier": 1 },
      { "league_id": "ENGU21B", "display_name": "Premier League 2 - Division 2 (U21)", "tier": 1 },

      { "league_id": "ENGU18N", "display_name": "U18 Premier League - North", "tier": 1 },
      { "league_id": "ENGU18S", "display_name": "U18 Premier League - South", "tier": 1 },

      { "league_id": "ENGPDL21N", "display_name": "Professional Development League (U21) - North", "tier": 1 },
      { "league_id": "ENGPDL21S", "display_name": "Professional Development League (U21) - South", "tier": 1 },

      { "league_id": "ENGPDL18N", "display_name": "Professional Development League (U18) - North", "tier": 1 },
      { "league_id": "ENGPDL18S", "display_name": "Professional Development League (U18) - South", "tier": 1 },

      { "league_id": "ENGYTHCUP", "display_name": "FA Youth Cup", "tier": 1 },
      { "league_id": "ENGPLIC", "display_name": "Premier League International Cup (U21)", "tier": 1 },
      { "league_id": "ENGPLCUP", "display_name": "Premier League Cup (U21)", "tier": 1 }
    ]
  },
  {
    "country_code": "EE",
    "country_name": "Estonia",
    "timezone": "Europe/Tallinn",
    "region_cluster": "Europe_North",
    "leagues": [
      { "league_id": "EST1", "display_name": "Meistriliiga", "tier": 1 },
      { "league_id": "EST2", "display_name": "Esiliiga", "tier": 2 },
      { "league_id": "EST3", "display_name": "Esiliiga B", "tier": 3 },
      { "league_id": "ESTW1", "display_name": "Naiste Meistriliiga", "tier": 1 }
    ]
  },
  {
    "country_code": "FO",
    "country_name": "Faroe Islands",
    "timezone": "Atlantic/Faroe",
    "region_cluster": "Europe_North",
    "leagues": [
      { "league_id": "FRO1", "display_name": "Faroe Islands Premier League", "tier": 1 },
      { "league_id": "FRO2", "display_name": "1. Deild", "tier": 2 }
    ]
  },
  {
    "country_code": "FI",
    "country_name": "Finland",
    "timezone": "Europe/Helsinki",
    "region_cluster": "Europe_North",
    "leagues": [
      { "league_id": "FIN1", "display_name": "Veikkausliiga", "tier": 1 },
      { "league_id": "FIN2", "display_name": "Ykkönen", "tier": 2 },
      { "league_id": "FINW1", "display_name": "Kansallinen Liiga Women", "tier": 1 }
    ]
  },
  {
    "country_code": "FR",
    "country_name": "France",
    "timezone": "Europe/Paris",
    "region_cluster": "Europe_West",
    "leagues": [
      { "league_id": "FRA1", "display_name": "Ligue 1", "tier": 1 },
      { "league_id": "FRA2", "display_name": "Ligue 2", "tier": 2 },
      { "league_id": "FRA3", "display_name": "Championnat National", "tier": 3 },
      { "league_id": "FRAW1", "display_name": "D1 Arkema Women", "tier": 1 }
    ]
  },
  {
    "country_code": "GE",
    "country_name": "Georgia",
    "timezone": "Asia/Tbilisi",
    "region_cluster": "Europe_East",
    "leagues": [
      { "league_id": "GEO1", "display_name": "Erovnuli Liga", "tier": 1 },
      { "league_id": "GEO2", "display_name": "Erovnuli Liga 2", "tier": 2 }
    ]
  },
  {
    "country_code": "DE",
    "country_name": "Germany",
    "timezone": "Europe/Berlin",
    "region_cluster": "Europe_Central",
    "leagues": [
      { "league_id": "GER1", "display_name": "Bundesliga", "tier": 1 },
      { "league_id": "GER2", "display_name": "2. Bundesliga", "tier": 2 },
      { "league_id": "GER3", "display_name": "3. Liga", "tier": 3 },

      { "league_id": "GER4N", "display_name": "Regionalliga Nord", "tier": 4 },
      { "league_id": "GER4NE", "display_name": "Regionalliga Nordost", "tier": 4 },
      { "league_id": "GER4W", "display_name": "Regionalliga West", "tier": 4 },
      { "league_id": "GER4SW", "display_name": "Regionalliga Südwest", "tier": 4 },
      { "league_id": "GER4B", "display_name": "Regionalliga Bayern", "tier": 4 },

      { "league_id": "GERW1", "display_name": "Frauen Bundesliga", "tier": 1 },
      { "league_id": "GERW2", "display_name": "2. Frauen Bundesliga", "tier": 2 },

      { "league_id": "GERU19N", "display_name": "A-Junioren Bundesliga U19 - North/Northeast", "tier": 1 },
      { "league_id": "GERU19W", "display_name": "A-Junioren Bundesliga U19 - West", "tier": 1 },
      { "league_id": "GERU19S", "display_name": "A-Junioren Bundesliga U19 - South/Southwest", "tier": 1 }
    ]
  },
  {
    "country_code": "GI",
    "country_name": "Gibraltar",
    "timezone": "Europe/Gibraltar",
    "region_cluster": "Europe_South",
    "leagues": [
      { "league_id": "GIB1", "display_name": "Gibraltar National League", "tier": 1 }
    ]
  },
  {
    "country_code": "GR",
    "country_name": "Greece",
    "timezone": "Europe/Athens",
    "region_cluster": "Europe_South",
    "leagues": [
      { "league_id": "GRE1", "display_name": "Super League 1", "tier": 1 },
      { "league_id": "GRE2", "display_name": "Super League 2", "tier": 2 },
      { "league_id": "GRE3A", "display_name": "Gamma Ethniki - Group A", "tier": 3 },
      { "league_id": "GRE3B", "display_name": "Gamma Ethniki - Group B", "tier": 3 },
      { "league_id": "GRE3C", "display_name": "Gamma Ethniki - Group C", "tier": 3 },
      { "league_id": "GRE3D", "display_name": "Gamma Ethniki - Group D", "tier": 3 },

      { "league_id": "GREW1", "display_name": "Greek Women's A Division", "tier": 1 }
    ]
  },
  {
    "country_code": "HU",
    "country_name": "Hungary",
    "timezone": "Europe/Budapest",
    "region_cluster": "Europe_Central",
    "leagues": [
      { "league_id": "HUN1", "display_name": "NB I", "tier": 1 },
      { "league_id": "HUN2", "display_name": "NB II", "tier": 2 },
      { "league_id": "HUN3", "display_name": "NB III", "tier": 3 },
      { "league_id": "HUNW1", "display_name": "Női NB I (Women's First Division)", "tier": 1 }
    ]
  },
  {
    "country_code": "IS",
    "country_name": "Iceland",
    "timezone": "Atlantic/Reykjavik",
    "region_cluster": "Europe_North",
    "leagues": [
      { "league_id": "ISL1", "display_name": "Úrvalsdeild", "tier": 1 },
      { "league_id": "ISL2", "display_name": "1. Deild", "tier": 2 },
      { "league_id": "ISLW1", "display_name": "Úrvalsdeild Women", "tier": 1 }
    ]
  },
  {
    "country_code": "IE",
    "country_name": "Ireland",
    "timezone": "Europe/Dublin",
    "region_cluster": "Europe_West",
    "leagues": [
      { "league_id": "IRL1", "display_name": "Premier Division", "tier": 1 },
      { "league_id": "IRL2", "display_name": "First Division", "tier": 2 },
      { "league_id": "IRLW1", "display_name": "Women's Premier Division", "tier": 1 }
    ]
  },
  {
    "country_code": "IT",
    "country_name": "Italy",
    "timezone": "Europe/Rome",
    "region_cluster": "Europe_South",
    "leagues": [
      { "league_id": "ITA1", "display_name": "Serie A", "tier": 1 },
      { "league_id": "ITA2", "display_name": "Serie B", "tier": 2 },

      { "league_id": "ITA3A", "display_name": "Serie C - Group A", "tier": 3 },
      { "league_id": "ITA3B", "display_name": "Serie C - Group B", "tier": 3 },
      { "league_id": "ITA3C", "display_name": "Serie C - Group C", "tier": 3 },

      { "league_id": "ITAD1", "display_name": "Serie D - Group A", "tier": 4 },
      { "league_id": "ITAD2", "display_name": "Serie D - Group B", "tier": 4 },
      { "league_id": "ITAD3", "display_name": "Serie D - Group C", "tier": 4 },
      { "league_id": "ITAD4", "display_name": "Serie D - Group D", "tier": 4 },
      { "league_id": "ITAD5", "display_name": "Serie D - Group E", "tier": 4 },
      { "league_id": "ITAD6", "display_name": "Serie D - Group F", "tier": 4 },
      { "league_id": "ITAD7", "display_name": "Serie D - Group G", "tier": 4 },
      { "league_id": "ITAD8", "display_name": "Serie D - Group H", "tier": 4 },
      { "league_id": "ITAD9", "display_name": "Serie D - Group I", "tier": 4 },

      { "league_id": "ITAW1", "display_name": "Serie A Femminile", "tier": 1 },

      { "league_id": "ITAU19A", "display_name": "Primavera 1 (U19)", "tier": 1 },
      { "league_id": "ITAU19B", "display_name": "Primavera 2 (U19)", "tier": 1 }
    ]
  },
  {
    "country_code": "XK",
    "country_name": "Kosovo",
    "timezone": "Europe/Belgrade",
    "region_cluster": "Europe_South",
    "leagues": [
      { "league_id": "KOS1", "display_name": "Superliga", "tier": 1 },
      { "league_id": "KOS2", "display_name": "First League", "tier": 2 }
    ]
  },
  {
    "country_code": "LV",
    "country_name": "Latvia",
    "timezone": "Europe/Riga",
    "region_cluster": "Europe_North",
    "leagues": [
      { "league_id": "LVA1", "display_name": "Virsliga", "tier": 1 },
      { "league_id": "LVA2", "display_name": "1. Liga", "tier": 2 }
    ]
  },
  {
    "country_code": "LI",
    "country_name": "Liechtenstein",
    "timezone": "Europe/Vaduz",
    "region_cluster": "Europe_Central",
    "leagues": []
  },
  {
    "country_code": "LT",
    "country_name": "Lithuania",
    "timezone": "Europe/Vilnius",
    "region_cluster": "Europe_North",
    "leagues": [
      { "league_id": "LTU1", "display_name": "A Lyga", "tier": 1 },
      { "league_id": "LTU2", "display_name": "I Lyga", "tier": 2 },
      { "league_id": "LTUW1", "display_name": "Women's A Lyga", "tier": 1 }
    ]
  },
  {
    "country_code": "LU",
    "country_name": "Luxembourg",
    "timezone": "Europe/Luxembourg",
    "region_cluster": "Europe_West",
    "leagues": [
      { "league_id": "LUX1", "display_name": "National Division", "tier": 1 },
      { "league_id": "LUX2", "display_name": "Division of Honour", "tier": 2 }
    ]
  },
  {
    "country_code": "MT",
    "country_name": "Malta",
    "timezone": "Europe/Malta",
    "region_cluster": "Europe_South",
    "leagues": [
      { "league_id": "MLT1", "display_name": "Premier League", "tier": 1 },
      { "league_id": "MLT2", "display_name": "Challenge League", "tier": 2 },
      { "league_id": "MLTW1", "display_name": "Women's League", "tier": 1 }
    ]
  },
  {
    "country_code": "MD",
    "country_name": "Moldova",
    "timezone": "Europe/Chisinau",
    "region_cluster": "Europe_East",
    "leagues": [
      { "league_id": "MDA1", "display_name": "Super Liga", "tier": 1 },
      { "league_id": "MDA2", "display_name": "Liga 1", "tier": 2 }
    ]
  },
  {
    "country_code": "ME",
    "country_name": "Montenegro",
    "timezone": "Europe/Podgorica",
    "region_cluster": "Europe_South",
    "leagues": [
      { "league_id": "MNE1", "display_name": "First League", "tier": 1 },
      { "league_id": "MNE2", "display_name": "Second League", "tier": 2 }
    ]
  },
  {
    "country_code": "NL",
    "country_name": "Netherlands",
    "timezone": "Europe/Amsterdam",
    "region_cluster": "Europe_West",
    "leagues": [
      { "league_id": "NED1", "display_name": "Eredivisie", "tier": 1 },
      { "league_id": "NED2", "display_name": "Eerste Divisie", "tier": 2 },
      { "league_id": "NED3", "display_name": "Tweede Divisie", "tier": 3 },

      { "league_id": "NED4A", "display_name": "Derde Divisie - Saturday", "tier": 4 },
      { "league_id": "NED4B", "display_name": "Derde Divisie - Sunday", "tier": 4 },

      { "league_id": "NEDW1", "display_name": "Eredivisie Women", "tier": 1 },

      { "league_id": "NEDU21", "display_name": "U21 Divisie", "tier": 1 },
      { "league_id": "NEDU18", "display_name": "U18 Divisie", "tier": 1 }
    ]
  },
  {
    "country_code": "MK",
    "country_name": "North Macedonia",
    "timezone": "Europe/Skopje",
    "region_cluster": "Europe_South",
    "leagues": [
      { "league_id": "MKD1", "display_name": "First League", "tier": 1 },
      { "league_id": "MKD2", "display_name": "Second League", "tier": 2 }
    ]
  },
  {
    "country_code": "NO",
    "country_name": "Norway",
    "timezone": "Europe/Oslo",
    "region_cluster": "Europe_North",
    "leagues": [
      { "league_id": "NOR1", "display_name": "Eliteserien", "tier": 1 },
      { "league_id": "NOR2", "display_name": "OBOS-ligaen", "tier": 2 },
      { "league_id": "NOR3", "display_name": "2. Divisjon", "tier": 3 },

      { "league_id": "NOR4A", "display_name": "3. Divisjon - Group 1", "tier": 4 },
      { "league_id": "NOR4B", "display_name": "3. Divisjon - Group 2", "tier": 4 },
      { "league_id": "NOR4C", "display_name": "3. Divisjon - Group 3", "tier": 4 },
      { "league_id": "NOR4D", "display_name": "3. Divisjon - Group 4", "tier": 4 },
      { "league_id": "NOR4E", "display_name": "3. Divisjon - Group 5", "tier": 4 },
      { "league_id": "NOR4F", "display_name": "3. Divisjon - Group 6", "tier": 4 },

      { "league_id": "NORW1", "display_name": "Toppserien Women", "tier": 1 },

      { "league_id": "NORU19", "display_name": "G19 Interkrets (U19)", "tier": 1 }
    ]
  },
  {
    "country_code": "NI",
    "country_name": "Northern Ireland",
    "timezone": "Europe/London",
    "region_cluster": "Europe_West",
    "leagues": [
      { "league_id": "NIR1", "display_name": "NIFL Premiership", "tier": 1 },
      { "league_id": "NIR2", "display_name": "NIFL Championship", "tier": 2 }
    ]
  },
  {
    "country_code": "PL",
    "country_name": "Poland",
    "timezone": "Europe/Warsaw",
    "region_cluster": "Europe_East",
    "leagues": [
      { "league_id": "POL1", "display_name": "Ekstraklasa", "tier": 1 },
      { "league_id": "POL2", "display_name": "I Liga", "tier": 2 },
      { "league_id": "POL3", "display_name": "II Liga", "tier": 3 },

      { "league_id": "POL4A", "display_name": "III Liga - Group 1", "tier": 4 },
      { "league_id": "POL4B", "display_name": "III Liga - Group 2", "tier": 4 },
      { "league_id": "POL4C", "display_name": "III Liga - Group 3", "tier": 4 },
      { "league_id": "POL4D", "display_name": "III Liga - Group 4", "tier": 4 },

      { "league_id": "POLW1", "display_name": "Ekstraliga Kobiet", "tier": 1 }
    ]
  },
  {
    "country_code": "PT",
    "country_name": "Portugal",
    "timezone": "Europe/Lisbon",
    "region_cluster": "Europe_South",
    "leagues": [
      { "league_id": "POR1", "display_name": "Primeira Liga", "tier": 1 },
      { "league_id": "POR2", "display_name": "Liga Portugal 2", "tier": 2 },
      { "league_id": "POR3", "display_name": "Liga 3", "tier": 3 },

      { "league_id": "POR4A", "display_name": "Campeonato de Portugal - Group A", "tier": 4 },
      { "league_id": "POR4B", "display_name": "Campeonato de Portugal - Group B", "tier": 4 },
      { "league_id": "POR4C", "display_name": "Campeonato de Portugal - Group C", "tier": 4 },
      { "league_id": "POR4D", "display_name": "Campeonato de Portugal - Group D", "tier": 4 },

      { "league_id": "PORW1", "display_name": "Liga BPI Women", "tier": 1 },

      { "league_id": "PORU19", "display_name": "Juniores U19", "tier": 1 }
    ]
  },
  {
    "country_code": "RO",
    "country_name": "Romania",
    "timezone": "Europe/Bucharest",
    "region_cluster": "Europe_East",
    "leagues": [
      { "league_id": "ROU1", "display_name": "Liga I", "tier": 1 },
      { "league_id": "ROU2", "display_name": "Liga II", "tier": 2 },
      { "league_id": "ROUW1", "display_name": "Liga 1 Feminin", "tier": 1 }
    ]
  },
  {
    "country_code": "RU",
    "country_name": "Russia",
    "timezone": "Europe/Moscow",
    "region_cluster": "Europe_East",
    "leagues": [
      { "league_id": "RUS1", "display_name": "Premier League", "tier": 1 },
      { "league_id": "RUS2", "display_name": "First League", "tier": 2 },

      { "league_id": "RUS3A", "display_name": "Second League - Division A", "tier": 3 },
      { "league_id": "RUS3B", "display_name": "Second League - Division B", "tier": 3 },

      { "league_id": "RUSW1", "display_name": "Women’s Premier League", "tier": 1 },

      { "league_id": "RUSU19", "display_name": "Youth League U19", "tier": 1 }
    ]
  },
  {
    "country_code": "SM",
    "country_name": "San Marino",
    "timezone": "Europe/San_Marino",
    "region_cluster": "Europe_South",
    "leagues": [
      { "league_id": "SMR1", "display_name": "Campionato Sammarinese", "tier": 1 }
    ]
  },
  {
    "country_code": "RS",
    "country_name": "Serbia",
    "timezone": "Europe/Belgrade",
    "region_cluster": "Europe_East",
    "leagues": [
      { "league_id": "SRB1", "display_name": "Super Liga", "tier": 1 },
      { "league_id": "SRB2", "display_name": "Prva Liga", "tier": 2 },
      { "league_id": "SRBW1", "display_name": "Women's Super Liga", "tier": 1 }
    ]
  },
  {
    "country_code": "SK",
    "country_name": "Slovakia",
    "timezone": "Europe/Bratislava",
    "region_cluster": "Europe_Central",
    "leagues": [
      { "league_id": "SVK1", "display_name": "Fortuna Liga", "tier": 1 },
      { "league_id": "SVK2", "display_name": "2. Liga", "tier": 2 }
    ]
  },
  {
    "country_code": "SI",
    "country_name": "Slovenia",
    "timezone": "Europe/Ljubljana",
    "region_cluster": "Europe_Central",
    "leagues": [
      { "league_id": "SVN1", "display_name": "Prva Liga", "tier": 1 },
      { "league_id": "SVN2", "display_name": "Druga Liga", "tier": 2 },
      { "league_id": "SVNW1", "display_name": "Slovenian Women's League", "tier": 1 }
    ]
  },
  {
    "country_code": "ES",
    "country_name": "Spain",
    "timezone": "Europe/Madrid",
    "region_cluster": "Europe_South",
    "leagues": [
      { "league_id": "SPA1", "display_name": "La Liga", "tier": 1 },
      { "league_id": "SPA2", "display_name": "Segunda División", "tier": 2 },

      { "league_id": "SPA3A", "display_name": "Primera RFEF - Group 1", "tier": 3 },
      { "league_id": "SPA3B", "display_name": "Primera RFEF - Group 2", "tier": 3 },

      { "league_id": "SPA4A", "display_name": "Segunda RFEF - Group A", "tier": 4 },
      { "league_id": "SPA4B", "display_name": "Segunda RFEF - Group B", "tier": 4 },
      { "league_id": "SPA4C", "display_name": "Segunda RFEF - Group C", "tier": 4 },
      { "league_id": "SPA4D", "display_name": "Segunda RFEF - Group D", "tier": 4 },

      { "league_id": "SPAW1", "display_name": "Liga F (Women's)", "tier": 1 },

      { "league_id": "SPAU19A", "display_name": "División de Honor Juvenil - Group 1", "tier": 1 },
      { "league_id": "SPAU19B", "display_name": "División de Honor Juvenil - Group 2", "tier": 1 },
      { "league_id": "SPAU19C", "display_name": "División de Honor Juvenil - Group 3", "tier": 1 },
      { "league_id": "SPAU19D", "display_name": "División de Honor Juvenil - Group 4", "tier": 1 },
      { "league_id": "SPAU19E", "display_name": "División de Honor Juvenil - Group 5", "tier": 1 },
      { "league_id": "SPAU19F", "display_name": "División de Honor Juvenil - Group 6", "tier": 1 },
      { "league_id": "SPAU19G", "display_name": "División de Honor Juvenil - Group 7", "tier": 1 }
    ]
  },
  {
    "country_code": "SE",
    "country_name": "Sweden",
    "timezone": "Europe/Stockholm",
    "region_cluster": "Europe_North",
    "leagues": [
      { "league_id": "SWE1", "display_name": "Allsvenskan", "tier": 1 },
      { "league_id": "SWE2", "display_name": "Superettan", "tier": 2 },

      { "league_id": "SWE3A", "display_name": "Ettan - North", "tier": 3 },
      { "league_id": "SWE3B", "display_name": "Ettan - South", "tier": 3 },

      { "league_id": "SWEW1", "display_name": "Damallsvenskan", "tier": 1 },
      { "league_id": "SWEW2", "display_name": "Elitettan", "tier": 2 }
    ]
  },
  {
    "country_code": "CH",
    "country_name": "Switzerland",
    "timezone": "Europe/Zurich",
    "region_cluster": "Europe_Central",
    "leagues": [
      { "league_id": "SUI1", "display_name": "Super League", "tier": 1 },
      { "league_id": "SUI2", "display_name": "Challenge League", "tier": 2 },
      { "league_id": "SUIW1", "display_name": "Women's Super League", "tier": 1 }
    ]
  },
  {
    "country_code": "TR",
    "country_name": "Türkiye",
    "timezone": "Europe/Istanbul",
    "region_cluster": "Europe_South",
    "leagues": [
      { "league_id": "TUR1", "display_name": "Süper Lig", "tier": 1 },
      { "league_id": "TUR2", "display_name": "1. Lig", "tier": 2 },
      { "league_id": "TUR3W", "display_name": "2. Lig - White Group", "tier": 3 },
      { "league_id": "TUR3R", "display_name": "2. Lig - Red Group", "tier": 3 },

      { "league_id": "TUR4A", "display_name": "3. Lig - Group 1", "tier": 4 },
      { "league_id": "TUR4B", "display_name": "3. Lig - Group 2", "tier": 4 },
      { "league_id": "TUR4C", "display_name": "3. Lig - Group 3", "tier": 4 },

      { "league_id": "TURW1", "display_name": "Kadınlar Süper Ligi (Women)", "tier": 1 },

      { "league_id": "TURU19A", "display_name": "U19 Elit A", "tier": 1 },
      { "league_id": "TURU19B", "display_name": "U19 Elit B", "tier": 1 }
    ]
  },
  {
    "country_code": "UA",
    "country_name": "Ukraine",
    "timezone": "Europe/Kyiv",
    "region_cluster": "Europe_East",
    "leagues": [
      { "league_id": "UKR1", "display_name": "Premier League", "tier": 1 },
      { "league_id": "UKR2", "display_name": "Persha Liga", "tier": 2 },

      { "league_id": "UKRW1", "display_name": "Vyshcha Liha Women", "tier": 1 }
    ]
  },
  {
    "country_code": "WA",
    "country_name": "Wales",
    "timezone": "Europe/London",
    "region_cluster": "Europe_West",
    "leagues": [
      { "league_id": "WAL1", "display_name": "Cymru Premier", "tier": 1 },
      { "league_id": "WAL2N", "display_name": "Cymru North", "tier": 2 },
      { "league_id": "WAL2S", "display_name": "Cymru South", "tier": 2 },

      { "league_id": "WALW1", "display_name": "Adran Premier (Women)", "tier": 1 }
    ]
  }
]