[
  {
    "country_code": "AU",
    "country_name": "Australia",
    "timezone": "Australia/Sydney",
    "region_cluster": "Oceania_OFC",
    "leagues": [
      { "league_id": "AUS1", "display_name": "A-League", "tier": 1, "type": "league" },
      { "league_id": "AUSW1", "display_name": "A-League Women", "tier": 1, "type": "league" },
      { "league_id": "AUSCUP", "display_name": "Australia Cup", "tier": 1, "type": "cup" }
    ]
  },
  {
    "country_code": "NZ",
    "country_name": "New Zealand",
    "timezone": "Pacific/Auckland",
    "region_cluster": "Oceania_OFC",
    "leagues": [
      { "league_id": "NZL1", "display_name": "New Zealand National League", "tier": 1, "type": "league" }
    ]
  },
  {
    "country_code": "FJ",
    "country_name": "Fiji",
    "timezone": "Pacific/Fiji",
    "region_cluster": "Oceania_OFC",
    "leagues": [
      { "league_id": "FIJ1", "display_name": "Fiji Premier League", "tier": 1, "type": "league" }
    ]
  },
  {
    "country_code": "PG",
    "country_name": "Papua New Guinea",
    "timezone": "Pacific/Port_Moresby",
    "region_cluster": "Oceania_OFC",
    "leagues": [
      { "league_id": "PNG1", "display_name": "National Soccer League", "tier": 1, "type": "league" }
    ]
  },
  {
    "country_code": "NC",
    "country_name": "New Caledonia",
    "timezone": "Pacific/Noumea",
    "region_cluster": "Oceania_OFC",
    "leagues": [
      { "league_id": "NCL1", "display_name": "Super Ligue", "tier": 1, "type": "league" }
    ]
  },
  {
    "country_code": "VU",
    "country_name": "Vanuatu",
    "timezone": "Pacific/Efate",
    "region_cluster": "Oceania_OFC",
    "leagues": [
      { "league_id": "VUT1", "display_name": "Vanuatu Premier League", "tier": 1, "type": "league" }
    ]
  },
  {
    "country_code": "SB",
    "country_name": "Solomon Islands",
    "timezone": "Pacific/Guadalcanal",
    "region_cluster": "Oceania_OFC",
    "leagues": [
      { "league_id": "SOL1", "display_name": "S-League", "tier": 1, "type": "league" }
    ]
  },
  {
    "country_code": "TO",
    "country_name": "Tonga",
    "timezone": "Pacific/Tongatapu",
    "region_cluster": "Oceania_OFC",
    "leagues": [
      { "league_id": "TON1", "display_name": "Tonga Major League", "tier": 1, "type": "league" }
    ]
  },
  {
    "country_code": "KI",
    "country_name": "Kiribati",
    "timezone": "Pacific/Tarawa",
    "region_cluster": "Oceania_OFC",
    "leagues": [
      { "league_id": "KIR1", "display_name": "Kiribati National Championship", "tier": 1, "type": "league" }
    ]
  },
  {
    "country_code": "FM",
    "country_name": "Micronesia",
    "timezone": "Pacific/Pohnpei",
    "region_cluster": "Oceania_OFC",
    "leagues": [
      { "league_id": "FSM1", "display_name": "FSM Club Championship", "tier": 1, "type": "league" }
    ]
  },
  {
    "country_code": "PW",
    "country_name": "Palau",
    "timezone": "Pacific/Palau",
    "region_cluster": "Oceania_OFC",
    "leagues": [
      { "league_id": "PLW1", "display_name": "Palau Soccer League", "tier": 1, "type": "league" }
    ]
  },
  {
    "country_code": "WS",
    "country_name": "Samoa",
    "timezone": "Pacific/Apia",
    "region_cluster": "Oceania_OFC",
    "leagues": [
      { "league_id": "SAM1", "display_name": "Samoa National League", "tier": 1, "type": "league" }
    ]
  }
]
